Date,Portfolio Value,Cash,Invested Value,Open Positions,Daily Return,Running Peak,Drawdown
2021-12-31,100000.0,100000.0,0.0,0,0.0,100000.0,0.0
2022-01-03,100000.0,100000.0,0.0,0,0.0,100000.0,0.0
2022-01-04,100000.0,100000.0,0.0,0,0.0,100000.0,0.0
2022-01-05,100000.0,100000.0,0.0,0,0.0,100000.0,0.0
2022-01-06,100000.0,100000.0,0.0,0,0.0,100000.0,0.0
2022-01-07,100000.0,100000.0,0.0,0,0.0,100000.0,0.0
2022-01-10,100000.0,100000.0,0.0,0,0.0,100000.0,0.0
2022-01-11,100000.0,100000.0,0.0,0,0.0,100000.0,0.0
2022-01-12,100000.0,100000.0,0.0,0,0.0,100000.0,0.0
2022-01-13,100000.0,100000.0,0.0,0,0.0,100000.0,0.0
2022-01-14,100000.0,100000.0,0.0,0,0.0,100000.0,0.0
2022-01-17,100000.0,100000.0,0.0,0,0.0,100000.0,0.0
2022-01-18,99995.0,89995.0,10000.0,1,-4.999999999999449e-05,100000.0,-4.999999999999449e-05
2022-01-19,99596.69426873975,80029.85248103664,19566.841787703124,2,-0.003983256475426189,100000.0,-0.004033057312602506
2022-01-20,99324.43058793092,80029.85248103664,19294.57810689428,2,-0.002733661822893252,100000.0,-0.0067556941206907695
2022-01-21,99388.72682261106,79413.76107378073,19974.965748830327,2,0.0006473355477554232,100000.0,-0.006112731773889379
2022-01-24,99802.30947163867,79545.01400760906,20257.2954640296,2,0.004161263175910923,100000.0,-0.0019769052836132728
2022-01-25,97598.02904908427,79545.01400760906,18053.01504147521,2,-0.022086467079008743,100000.0,-0.024019709509157217
2022-01-27,98468.4260301822,89888.50025475257,8579.92577542964,1,0.008918181950787085,100000.0,-0.0153157396981779
2022-01-28,98069.29947634591,78453.47799892898,19615.82147741693,2,-0.004053345523304608,100000.0,-0.01930700523654083
2022-01-31,97765.60148217318,78453.47799892898,19312.1234832442,2,-0.0030967692824805937,100000.0,-0.02234398517826819
2022-02-01,97941.46440542115,78453.47799892898,19487.986406492175,2,0.0017988220865192694,100000.0,-0.020585355945788475
2022-02-02,98622.24219042085,98622.24219042085,0.0,0,0.00695086385661603,100000.0,-0.013777578095791498
2022-02-03,98622.24219042085,98622.24219042085,0.0,0,0.0,100000.0,-0.013777578095791498
2022-02-04,98622.24219042085,98622.24219042085,0.0,0,0.0,100000.0,-0.013777578095791498
2022-02-07,98622.24219042085,98622.24219042085,0.0,0,0.0,100000.0,-0.013777578095791498
2022-02-08,98622.24219042085,98622.24219042085,0.0,0,0.0,100000.0,-0.013777578095791498
2022-02-09,98622.24219042085,98622.24219042085,0.0,0,0.0,100000.0,-0.013777578095791498
2022-02-10,98622.24219042085,98622.24219042085,0.0,0,0.0,100000.0,-0.013777578095791498
2022-02-11,98622.24219042085,98622.24219042085,0.0,0,0.0,100000.0,-0.013777578095791498
2022-02-14,98622.24219042085,98622.24219042085,0.0,0,0.0,100000.0,-0.013777578095791498
2022-02-15,98617.31107831132,88755.08685926924,9862.224219042086,1,-4.999999999999449e-05,100000.0,-0.013826889216886795
2022-02-16,98839.68934584068,78865.68146994841,19974.007875892275,2,0.0022549617820422085,100000.0,-0.011603106541593133
2022-02-17,98965.0923360234,78865.68146994841,20099.410866074995,2,0.0012687513590206034,100000.0,-0.01034907663976603
2022-02-18,98951.20331618346,89177.38688437516,9773.816431808305,1,-0.0001403426148766096,100000.0,-0.010487966838165441
2022-02-21,98689.32274414312,98689.32274414312,0.0,0,-0.0026465627831077088,100000.0,-0.013106772558568736
2022-02-22,98689.32274414312,98689.32274414312,0.0,0,0.0,100000.0,-0.013106772558568736
2022-02-23,98689.32274414312,98689.32274414312,0.0,0,0.0,100000.0,-0.013106772558568736
2022-02-24,98689.32274414312,98689.32274414312,0.0,0,0.0,100000.0,-0.013106772558568736
2022-02-25,98674.51934573152,69067.72252248858,29606.79682324294,3,-0.00014999999999987246,100000.0,-0.01325480654268485
2022-02-28,98856.95861732299,69067.72252248858,29789.236094834407,3,0.0018488995213876702,100000.0,-0.011430413826770125
2022-03-02,99276.83995315438,69067.72252248858,30209.117430665814,3,0.004247362469006921,100000.0,-0.0072316004684561674
2022-03-03,99343.95827473851,49659.55803730991,49684.40023742861,5,0.0006760723006071778,100000.0,-0.006560417252614914
2022-03-04,97226.1579661894,39931.59453461752,57294.56343157189,6,-0.021317857123150596,100000.0,-0.027738420338105918
2022-03-07,95480.12310004066,30378.330555259487,65101.792544781165,7,-0.017958488771673387,100000.0,-0.04519876899959341
2022-03-08,94471.412678733,38189.66105675867,56281.75162197434,6,-0.0105646116548338,100000.0,-0.05528587321266998
2022-03-09,95837.45243046376,38221.29071652226,57616.1617139415,6,0.01445982136814461,100000.0,-0.04162547569536246
2022-03-10,97695.13061546448,48114.065125250716,49581.06549021377,5,0.019383634872270683,100000.0,-0.023048693845355128
2022-03-11,96971.15687376168,87936.84651640814,9034.310357353537,1,-0.007410540700870993,100000.0,-0.03028843126238323
2022-03-14,97045.1609860751,97045.1609860751,0.0,0,0.0007631559187208925,100000.0,-0.029548390139248926
2022-03-15,97045.1609860751,97045.1609860751,0.0,0,0.0,100000.0,-0.029548390139248926
2022-03-16,97045.1609860751,97045.1609860751,0.0,0,0.0,100000.0,-0.029548390139248926
2022-03-17,97045.1609860751,97045.1609860751,0.0,0,0.0,100000.0,-0.029548390139248926
2022-03-21,97040.30872802579,87335.79262941828,9704.516098607512,1,-5.0000000000105516e-05,100000.0,-0.029596912719742074
2022-03-22,97110.9665136627,87335.79262941828,9775.173884244417,1,0.0007281282032494119,100000.0,-0.028890334863373
2022-03-23,96864.38787235049,87335.79262941828,9528.595242932206,1,-0.002539143107771702,100000.0,-0.03135612127649512
2022-03-24,96862.50582278277,96862.50582278277,0.0,0,-1.942973686264171e-05,100000.0,-0.03137494177217226
2022-03-25,96857.66269749161,87171.41211521334,9686.250582278277,1,-5.0000000000105516e-05,100000.0,-0.03142337302508391
2022-03-28,96857.66189517123,87171.41211521334,9686.249779957889,1,-8.283499330907773e-09,100000.0,-0.03142338104828768
2022-03-29,96913.71686894914,87171.41211521334,9742.304753735792,1,0.0005787355659956361,100000.0,-0.0308628313105086
2022-03-30,96972.71582019272,96972.71582019272,0.0,0,0.0006087781291410632,100000.0,-0.03027284179807277
2022-03-31,96967.86718440171,87270.59560238244,9697.271582019273,1,-5.0000000000105516e-05,100000.0,-0.030321328155982874
2022-04-01,97085.83745556591,77556.6718687664,19529.165586799514,2,0.0012165913780475268,100000.0,-0.029141625444340846
2022-04-04,97296.31807425928,77556.6718687664,19739.64620549289,2,0.0021679847875824,100000.0,-0.027036819257407196
2022-04-05,97694.21718503846,87752.13076059346,9942.086424445011,1,0.004089559796861986,100000.0,-0.023057828149615434
2022-04-06,97927.69315982799,97927.69315982799,0.0,0,0.0023898648406928125,100000.0,-0.020723068401720113
2022-04-07,97927.69315982799,97927.69315982799,0.0,0,0.0,100000.0,-0.020723068401720113
2022-04-08,97927.69315982799,97927.69315982799,0.0,0,0.0,100000.0,-0.020723068401720113
2022-04-11,97927.69315982799,97927.69315982799,0.0,0,0.0,100000.0,-0.020723068401720113
2022-04-12,97927.69315982799,97927.69315982799,0.0,0,0.0,100000.0,-0.020723068401720113
2022-04-13,97927.69315982799,97927.69315982799,0.0,0,0.0,100000.0,-0.020723068401720113
2022-04-18,97927.69315982799,97927.69315982799,0.0,0,0.0,100000.0,-0.020723068401720113
2022-04-19,97922.79677517,88130.0274591872,9792.7693159828,1,-4.999999999999449e-05,100000.0,-0.020772032248299932
2022-04-20,97549.04306403347,78369.75768714205,19179.285376891417,2,-0.0038168202241473104,100000.0,-0.024509569359665306
2022-04-21,97744.69633517033,78369.75768714205,19374.938648028285,2,0.002005691342440219,100000.0,-0.022553036648296665
2022-04-22,97759.8287174132,87964.46378609554,9795.364931317657,1,0.00015481537935291279,100000.0,-0.022401712825868003
2022-04-25,97678.0585078327,87909.76424233615,9768.294265496545,1,-0.0008364397795423972,100000.0,-0.02321941492167301
2022-04-26,97587.69382276302,87909.76424233615,9677.92958042686,1,-0.0009251277763924204,100000.0,-0.02412306177236989
2022-04-27,97412.79099897607,87909.76424233615,9503.026756639909,1,-0.0017922631116235044,100000.0,-0.02587209001023938
2022-04-28,97655.66554914844,87889.61069149071,9766.054857657728,1,0.0024932511190951523,100000.0,-0.023443344508515596
2022-04-29,97730.92305843938,87889.61069149071,9841.312366948672,1,0.0007706415072565864,100000.0,-0.022690769415606216
2022-05-02,97364.24122363469,78147.83126809489,19216.409955539806,2,-0.003751953049552559,100000.0,-0.026357587763653156
2022-05-04,97623.42527499134,87738.16724481409,9885.25803017726,1,0.0026620045316363417,100000.0,-0.023765747250086622
2022-05-05,97384.42390781982,68249.59516365123,29134.82874416859,3,-0.0024481969004702675,100000.0,-0.02615576092180183
2022-05-06,95723.51263256876,67972.68535068458,27750.827281884176,3,-0.0170552046066752,100000.0,-0.042764873674312365
2022-05-09,95450.496200287,58422.38569086287,37028.11050942413,4,-0.0028521355388380076,100000.0,-0.04549503799712995
2022-05-10,94805.51744417116,75755.8681960352,19049.649248135967,2,-0.0067572069480127395,100000.0,-0.05194482555828839
2022-05-11,94557.59393275398,75562.24017758158,18995.353755172397,2,-0.0026150747140130104,100000.0,-0.054424060672460195
2022-05-12,94075.8495701178,84765.28246844305,9310.567101674744,1,-0.005094718917856289,100000.0,-0.05924150429882191
2022-05-13,93899.6006947556,84765.28246844305,9134.318226312549,1,-0.0018734763083998462,100000.0,-0.06100399305244397
2022-05-16,93761.64376112819,84385.01055335498,9376.633207773208,1,-0.001469196169170961,100000.0,-0.06238356238871812
2022-05-17,94041.88879854837,84385.01055335498,9656.87824519339,1,0.002988909176274257,100000.0,-0.05958111201451621
2022-05-18,94244.17127458805,84385.01055335498,9859.160721233071,1,0.002150982701687232,100000.0,-0.05755828725411949
2022-05-19,93842.24990874078,93842.24990874078,0.0,0,-0.00426468141649039,100000.0,-0.061577500912592176
2022-05-20,93832.8656837499,75064.41570200174,18768.449981748156,2,-9.999999999998899e-05,100000.0,-0.061671343162501
2022-05-23,93831.68846568791,75064.41570200174,18767.27276368617,2,-1.2545903329441721e-05,100000.0,-0.061683115343120876
2022-05-24,93938.82388566619,56265.3771386236,37673.446747042595,4,0.0011417829278161928,100000.0,-0.060611761143338105
2022-05-25,93362.20831748564,65581.15055693279,27781.05776055285,3,-0.006138202974335316,100000.0,-0.0663779168251436
2022-05-26,93115.02115922146,56264.52685876777,36850.49430045369,4,-0.0026476147331861988,100000.0,-0.06884978840778533
2022-05-27,94260.63529626632,75486.47829266154,18774.15700360478,2,0.012303215128802059,100000.0,-0.05739364703733674
2022-05-30,94290.42700228054,75450.92575036729,18839.501251913258,2,0.00031605670724133006,100000.0,-0.05709572997719459
2022-05-31,94151.97063628586,84738.64251624678,9413.328120039083,1,-0.0014684032133117642,100000.0,-0.05848029363714147
2022-06-01,94518.01684585106,65823.69585072542,28694.32099512565,3,0.003887823134146151,100000.0,-0.054819831541489394
2022-06-02,93922.0199858349,75387.61955588749,18534.400429947396,2,-0.006305642880639062,100000.0,-0.060779800141651075
2022-06-03,94349.93313452632,65947.43673663717,28402.496397889146,3,0.004556047120323425,100000.0,-0.056500668654736796
2022-06-06,93908.71355370921,65968.16324573672,27940.550307972495,3,-0.004676416465372646,100000.0,-0.06091286446290789
2022-06-07,93713.62295251695,65968.16324573672,27745.459706780217,3,-0.00207744940602006,100000.0,-0.0628637704748305
2022-06-08,93814.00473602816,75171.3857364973,18642.618999530867,2,0.0010711546555197682,100000.0,-0.06185995263971844
2022-06-09,93640.19594223244,93640.19594223244,0.0,0,-0.0018526956000308736,100000.0,-0.0635980405776756
2022-06-10,93640.19594223244,93640.19594223244,0.0,0,0.0,100000.0,-0.0635980405776756
2022-06-13,93640.19594223244,93640.19594223244,0.0,0,0.0,100000.0,-0.0635980405776756
2022-06-14,93640.19594223244,93640.19594223244,0.0,0,0.0,100000.0,-0.0635980405776756
2022-06-15,93635.51393243532,84271.49433821208,9364.019594223244,1,-5.0000000000105516e-05,100000.0,-0.06364486067564679
2022-06-16,93728.64794285876,84271.49433821208,9457.153604646684,1,0.0009946440886803298,100000.0,-0.06271352057141233
2022-06-17,93559.59055132148,84271.49433821208,9288.096213109406,1,-0.0018036896428971216,100000.0,-0.06440409448678519
2022-06-20,93424.4285900331,84081.51858552957,9342.910004503536,1,-0.0014446617443696352,100000.0,-0.06575571409966896
2022-06-21,93621.74312434554,74714.19481975051,18907.548304595024,2,0.002112022918312917,100000.0,-0.06378256875654464
2022-06-22,94138.75265734905,74714.19481975051,19424.557837598542,2,0.005522323295314324,100000.0,-0.05861247342650955
2022-06-23,94347.24367810028,84543.91956212006,9803.32411598021,1,0.0022147204510996055,100000.0,-0.05652756321899721
2022-06-24,94258.26258817787,94258.26258817787,0.0,0,-0.0009431233648542481,100000.0,-0.05741737411822134
2022-06-27,94258.26258817787,94258.26258817787,0.0,0,0.0,100000.0,-0.05741737411822134
2022-06-28,94258.26258817787,94258.26258817787,0.0,0,0.0,100000.0,-0.05741737411822134
2022-06-29,94253.54967504846,84827.72341623067,9425.826258817788,1,-4.999999999999449e-05,100000.0,-0.05746450324951535
2022-06-30,94101.13193654273,84827.72341623067,9273.408520312058,1,-0.0016171034303875675,100000.0,-0.05898868063457263
2022-07-01,93515.52777874391,84827.72341623067,8687.804362513238,1,-0.006223136170069976,100000.0,-0.06484472221256088
2022-07-04,93557.9526825662,74844.4907998647,18713.46188270151,2,0.00045366694526571827,100000.0,-0.06442047317433797
2022-07-05,93518.80106374124,74844.4907998647,18674.310263876534,2,-0.0004184745144841795,100000.0,-0.06481198936258759
2022-07-06,93219.38363832352,74844.4907998647,18374.892838458814,2,-0.0032016816085317368,100000.0,-0.06780616361676484
2022-07-07,93107.05733692176,93107.05733692176,0.0,0,-0.0012049672183799265,100000.0,-0.06892942663078239
2022-07-08,93107.05733692176,93107.05733692176,0.0,0,0.0,100000.0,-0.06892942663078239
2022-07-11,93107.05733692176,93107.05733692176,0.0,0,0.0,100000.0,-0.06892942663078239
2022-07-12,93097.74663118807,74476.33516380371,18621.411467384354,2,-9.999999999998899e-05,100000.0,-0.06902253368811928
2022-07-13,93159.92521026777,74476.33516380371,18683.590046464065,2,0.000667884898718496,100000.0,-0.06840074789732231
2022-07-14,92759.79921860418,74476.33516380371,18283.464054800468,2,-0.004295044148656002,100000.0,-0.07240200781395822
2022-07-15,92623.74611337612,92623.74611337612,0.0,0,-0.001466724878386394,100000.0,-0.07376253886623874
2022-07-18,92623.74611337612,92623.74611337612,0.0,0,0.0,100000.0,-0.07376253886623874
2022-07-19,92623.74611337612,92623.74611337612,0.0,0,0.0,100000.0,-0.07376253886623874
2022-07-20,92623.74611337612,92623.74611337612,0.0,0,0.0,100000.0,-0.07376253886623874
2022-07-21,92623.74611337612,92623.74611337612,0.0,0,0.0,100000.0,-0.07376253886623874
2022-07-22,92623.74611337612,92623.74611337612,0.0,0,0.0,100000.0,-0.07376253886623874
2022-07-25,92623.74611337612,92623.74611337612,0.0,0,0.0,100000.0,-0.07376253886623874
2022-07-26,92619.11492607046,83356.74031473284,9262.374611337613,1,-4.999999999999449e-05,100000.0,-0.07380885073929544
2022-07-27,91476.22531750603,83356.74031473284,8119.485002773184,1,-0.01233967318168272,100000.0,-0.08523774682493968
2022-07-28,92281.21773533354,83356.74031473284,8924.477420600702,1,0.00880001787386231,100000.0,-0.07718782264666457
2022-07-29,92415.81971028476,92415.81971028476,0.0,0,0.0014586064017627631,100000.0,-0.07584180289715237
2022-08-01,92411.19891929925,83169.61694827078,9241.581971028476,1,-4.999999999999449e-05,100000.0,-0.07588801080700747
2022-08-02,92384.85730660171,83169.61694827078,9215.240358330937,1,-0.0002850478405819201,100000.0,-0.07615142693398291
2022-08-03,92311.07710374167,83169.61694827078,9141.46015547089,1,-0.0007986179230129453,100000.0,-0.07688922896258332
2022-08-04,92340.08720328179,92340.08720328179,0.0,0,0.0003142645547025147,100000.0,-0.07659912796718216
2022-08-05,92340.08720328179,92340.08720328179,0.0,0,0.0,100000.0,-0.07659912796718216
2022-08-08,92340.08720328179,92340.08720328179,0.0,0,0.0,100000.0,-0.07659912796718216
2022-08-10,92340.08720328179,92340.08720328179,0.0,0,0.0,100000.0,-0.07659912796718216
2022-08-11,92340.08720328179,92340.08720328179,0.0,0,0.0,100000.0,-0.07659912796718216
2022-08-12,92340.08720328179,92340.08720328179,0.0,0,0.0,100000.0,-0.07659912796718216
2022-08-16,92340.08720328179,92340.08720328179,0.0,0,0.0,100000.0,-0.07659912796718216
2022-08-17,92340.08720328179,92340.08720328179,0.0,0,0.0,100000.0,-0.07659912796718216
2022-08-18,92340.08720328179,92340.08720328179,0.0,0,0.0,100000.0,-0.07659912796718216
2022-08-19,92340.08720328179,92340.08720328179,0.0,0,0.0,100000.0,-0.07659912796718216
2022-08-22,92340.08720328179,92340.08720328179,0.0,0,0.0,100000.0,-0.07659912796718216
2022-08-23,92330.85319456145,73862.83575390509,18468.017440656356,2,-0.00010000000000010001,100000.0,-0.07669146805438543
2022-08-24,92555.85106107344,73862.83575390509,18693.015307168345,2,0.0024368654542579193,100000.0,-0.07444148938926565
2022-08-25,92720.2210031309,73862.83575390509,18857.385249225794,2,0.001775900066533831,100000.0,-0.07279778996869102
2022-08-26,92557.13810470256,92557.13810470256,0.0,0,-0.0017588708985369905,100000.0,-0.07442861895297437
2022-08-29,92557.13810470256,92557.13810470256,0.0,0,0.0,100000.0,-0.07442861895297437
2022-08-30,92557.13810470256,92557.13810470256,0.0,0,0.0,100000.0,-0.07442861895297437
2022-09-01,92557.13810470256,92557.13810470256,0.0,0,0.0,100000.0,-0.07442861895297437
2022-09-02,92557.13810470256,92557.13810470256,0.0,0,0.0,100000.0,-0.07442861895297437
2022-09-05,92557.13810470256,92557.13810470256,0.0,0,0.0,100000.0,-0.07442861895297437
2022-09-06,92557.13810470256,92557.13810470256,0.0,0,0.0,100000.0,-0.07442861895297437
2022-09-07,92557.13810470256,92557.13810470256,0.0,0,0.0,100000.0,-0.07442861895297437
2022-09-08,92557.13810470256,92557.13810470256,0.0,0,0.0,100000.0,-0.07442861895297437
2022-09-09,92557.13810470256,92557.13810470256,0.0,0,0.0,100000.0,-0.07442861895297437
2022-09-12,92557.13810470256,92557.13810470256,0.0,0,0.0,100000.0,-0.07442861895297437
2022-09-13,92557.13810470256,92557.13810470256,0.0,0,0.0,100000.0,-0.07442861895297437
2022-09-14,92557.13810470256,92557.13810470256,0.0,0,0.0,100000.0,-0.07442861895297437
2022-09-15,92547.88239089207,74036.45476995157,18511.427620940514,2,-0.00010000000000021103,100000.0,-0.07452117609107922
2022-09-16,92074.44291936571,74036.45476995157,18037.988149414152,2,-0.005115616471122575,100000.0,-0.07925557080634282
2022-09-19,91739.90708867915,55677.46346237611,36062.443626303044,4,-0.0036333190848576447,100000.0,-0.0826009291132086
2022-09-20,92320.119372882,73522.65144341443,18797.46792946758,2,0.006324535337080883,100000.0,-0.07679880627117996
2022-09-21,92289.06329071186,73522.65144341443,18766.411847297426,2,-0.00033639560240072974,100000.0,-0.07710936709288141
2022-09-22,92209.50889306884,92209.50889306884,0.0,0,-0.0008620132744485698,100000.0,-0.07790491106931163
2022-09-23,92209.50889306884,92209.50889306884,0.0,0,0.0,100000.0,-0.07790491106931163
2022-09-26,92204.89841762418,82983.9475283173,9220.950889306883,1,-4.999999999999449e-05,100000.0,-0.07795101582375819
2022-09-27,92467.6810227057,73732.09344929164,18735.587573414057,2,0.0028499853000356623,100000.0,-0.07532318977294306
2022-09-28,92233.9655082647,73732.09344929164,18501.872058973044,2,-0.0025275373174289406,100000.0,-0.07766034491735307
2022-09-29,92770.64623619721,83360.86212033851,9409.784115858694,1,0.005818688646585635,100000.0,-0.07229353763802793
2022-09-30,92463.83385794301,83216.98812986231,9246.845728080705,1,-0.003307213980950796,100000.0,-0.07536166142056988
2022-10-03,92317.05845540216,83216.98812986231,9100.070325539858,1,-0.0015873817515110744,100000.0,-0.07682941544597832
2022-10-04,92263.52004236128,73985.56137828648,18277.958664074795,2,-0.0005799406300054377,100000.0,-0.0773647995763872
2022-10-06,92374.30741503506,83053.23537467848,9321.072040356574,1,0.00120077114576711,100000.0,-0.07625692584964938
2022-10-07,92299.2947973909,83053.23537467848,9246.05942271243,1,-0.0008120506636886127,100000.0,-0.07700705202609093
2022-10-10,92110.56777997735,92110.56777997735,0.0,0,-0.0020447287038088957,100000.0,-0.07889432220022641
2022-10-11,92110.56777997735,92110.56777997735,0.0,0,0.0,100000.0,-0.07889432220022641
2022-10-12,92110.56777997735,92110.56777997735,0.0,0,0.0,100000.0,-0.07889432220022641
2022-10-13,92110.56777997735,92110.56777997735,0.0,0,0.0,100000.0,-0.07889432220022641
2022-10-14,92110.56777997735,92110.56777997735,0.0,0,0.0,100000.0,-0.07889432220022641
2022-10-17,92110.56777997735,92110.56777997735,0.0,0,0.0,100000.0,-0.07889432220022641
2022-10-18,92110.56777997735,92110.56777997735,0.0,0,0.0,100000.0,-0.07889432220022641
2022-10-19,92110.56777997735,92110.56777997735,0.0,0,0.0,100000.0,-0.07889432220022641
2022-10-20,92110.56777997735,92110.56777997735,0.0,0,0.0,100000.0,-0.07889432220022641
2022-10-21,92110.56777997735,92110.56777997735,0.0,0,0.0,100000.0,-0.07889432220022641
2022-10-24,92105.96225158835,82894.90547359062,9211.056777997735,1,-4.999999999999449e-05,100000.0,-0.07894037748411642
2022-10-25,92020.97107780837,82894.90547359062,9126.065604217742,1,-0.0009227543114725956,100000.0,-0.07979028922191633
2022-10-27,91949.71335235295,82894.90547359062,9054.807878762325,1,-0.0007743639805232183,100000.0,-0.08050286647647054
2022-10-28,91710.932207441,91710.932207441,0.0,0,-0.002596866659028474,100000.0,-0.08289067792559002
2022-10-31,91710.932207441,91710.932207441,0.0,0,0.0,100000.0,-0.08289067792559002
2022-11-01,91710.932207441,91710.932207441,0.0,0,0.0,100000.0,-0.08289067792559002
2022-11-02,91706.34666083063,82535.25344008653,9171.0932207441,1,-4.999999999999449e-05,100000.0,-0.08293653339169371
2022-11-03,91527.11815184228,82535.25344008653,8991.86471175576,1,-0.001954374102931089,100000.0,-0.0847288184815772
2022-11-04,91643.4586908417,82535.25344008653,9108.205250755167,1,0.001271104579152249,100000.0,-0.08356541309158305
2022-11-07,91714.8569580592,91714.8569580592,0.0,0,0.000779087435562209,100000.0,-0.08285143041940801
2022-11-09,91714.8569580592,91714.8569580592,0.0,0,0.0,100000.0,-0.08285143041940801
2022-11-10,91710.27121521131,82538.78551940538,9171.48569580592,1,-4.999999999988347e-05,100000.0,-0.08289728784788686
2022-11-11,91675.45685735196,82538.78551940538,9136.671337946573,1,-0.00037961241852235705,100000.0,-0.08324543142648033
2022-11-14,91916.60598994093,64144.43322558882,27772.1727643521,3,0.002630465566854978,100000.0,-0.08083394010059075
2022-11-15,91900.43506510215,64430.20052035238,27470.234544749765,3,-0.0001759303954341762,100000.0,-0.08099564934897852
2022-11-16,91882.80979248477,64430.20052035238,27452.609272132388,3,-0.00019178660693930372,100000.0,-0.08117190207515235
2022-11-17,91500.78866878405,82468.74218644107,9032.046482342974,1,-0.004157699623721811,100000.0,-0.0849921133121595
2022-11-18,91463.2772864138,91463.2772864138,0.0,0,-0.0004099569295084038,100000.0,-0.08536722713586209
2022-11-21,91463.2772864138,91463.2772864138,0.0,0,0.0,100000.0,-0.08536722713586209
2022-11-22,91463.2772864138,91463.2772864138,0.0,0,0.0,100000.0,-0.08536722713586209
2022-11-23,91463.2772864138,91463.2772864138,0.0,0,0.0,100000.0,-0.08536722713586209
2022-11-24,91463.2772864138,91463.2772864138,0.0,0,0.0,100000.0,-0.08536722713586209
2022-11-25,91463.2772864138,91463.2772864138,0.0,0,0.0,100000.0,-0.08536722713586209
2022-11-28,91463.2772864138,91463.2772864138,0.0,0,0.0,100000.0,-0.08536722713586209
2022-11-29,91463.2772864138,91463.2772864138,0.0,0,0.0,100000.0,-0.08536722713586209
2022-11-30,91463.2772864138,91463.2772864138,0.0,0,0.0,100000.0,-0.08536722713586209
2022-12-01,91463.2772864138,91463.2772864138,0.0,0,0.0,100000.0,-0.08536722713586209
2022-12-02,91463.2772864138,91463.2772864138,0.0,0,0.0,100000.0,-0.08536722713586209
2022-12-05,91463.2772864138,91463.2772864138,0.0,0,0.0,100000.0,-0.08536722713586209
2022-12-06,91463.2772864138,91463.2772864138,0.0,0,0.0,100000.0,-0.08536722713586209
2022-12-07,91463.2772864138,91463.2772864138,0.0,0,0.0,100000.0,-0.08536722713586209
2022-12-08,91463.2772864138,91463.2772864138,0.0,0,0.0,100000.0,-0.08536722713586209
2022-12-09,91458.70412254948,82312.3763939081,9146.32772864138,1,-4.999999999999449e-05,100000.0,-0.08541295877450528
2022-12-12,91585.61227615406,73148.77770574448,18436.834570409585,2,0.0013876006097193194,100000.0,-0.0841438772384594
2022-12-13,91510.10634089941,73148.77770574448,18361.32863515493,2,-0.0008244300974588059,100000.0,-0.08489893659100589
2022-12-14,91797.89994692965,82460.1691971483,9337.73074978136,1,0.003144937947707538,100000.0,-0.08202100053070349
2022-12-15,91851.7295874474,91851.7295874474,0.0,0,0.0005863929408935764,100000.0,-0.08148270412552605
2022-12-16,91847.13700096801,82661.96404222328,9185.172958744739,1,-5.0000000000105516e-05,100000.0,-0.08152862999031985
2022-12-19,91882.74281466554,64274.38844744923,27608.354367216314,3,0.0003876638386361986,100000.0,-0.08117257185334459
2022-12-20,92122.68919329174,64274.38844744923,27848.300745842513,3,0.0026114411833588758,100000.0,-0.0787731080670826
2022-12-21,92215.06442952974,73540.8945033968,18674.169926132927,2,0.0010027414206741359,100000.0,-0.07784935570470264
2022-12-22,92094.4931661208,92094.4931661208,0.0,0,-0.0013075007229549351,100000.0,-0.07905506833879206
2022-12-23,92094.4931661208,92094.4931661208,0.0,0,0.0,100000.0,-0.07905506833879206
2022-12-26,92089.88844146249,82880.43912485041,9209.44931661208,1,-4.999999999999449e-05,100000.0,-0.07910111558537514
2022-12-27,92580.72293915733,82880.43912485041,9700.28381430693,1,0.005329949965210856,100000.0,-0.07419277060842666
2022-12-28,92482.91208601464,82880.43912485041,9602.472961164218,1,-0.0010564926481183567,100000.0,-0.07517087913985365
2022-12-29,92449.92541615131,92449.92541615131,0.0,0,-0.00035667853789733694,100000.0,-0.07550074583848687
2022-12-30,92445.30291988049,83200.31037826536,9244.99254161513,1,-5.0000000000105516e-05,100000.0,-0.0755469708011951
2023-01-02,92799.81235459849,83200.31037826536,9599.50197633313,1,0.003834802023692241,100000.0,-0.07200187645401512
2023-01-03,92819.12231049225,83200.31037826536,9618.811932226889,1,0.0002080818420191477,100000.0,-0.07180877689507748
2023-01-04,92668.2192411253,92668.2192411253,0.0,0,-0.0016257756549578062,100000.0,-0.07331780758874695
2023-01-05,92668.2192411253,92668.2192411253,0.0,0,0.0,100000.0,-0.07331780758874695
2023-01-06,92658.9524192012,74125.30857097614,18533.643848225063,2,-9.999999999987796e-05,100000.0,-0.07341047580798798
2023-01-09,92325.69775310784,74125.30857097614,18200.38918213171,2,-0.0035965727799908143,100000.0,-0.0767430224689215
2023-01-10,92180.75163351258,74125.30857097614,18055.443062536455,2,-0.0015699433973720422,100000.0,-0.07819248366487419
2023-01-11,91998.32895036433,91998.32895036433,0.0,0,-0.0019789671912583406,100000.0,-0.08001671049635672
2023-01-12,91993.72903391681,82793.89613888037,9199.832895036434,1,-4.999999999999449e-05,100000.0,-0.08006270966083184
2023-01-13,91897.52127687694,82793.89613888037,9103.625137996567,1,-0.0010458077746190453,100000.0,-0.08102478723123063
2023-01-16,92010.56428837178,82793.89613888037,9216.668149491403,1,0.0012300985916067209,100000.0,-0.07989435711628223
2023-01-17,91918.81298011387,91918.81298011387,0.0,0,-0.0009971823232205468,100000.0,-0.08081187019886127
2023-01-18,91918.81298011387,91918.81298011387,0.0,0,0.0,100000.0,-0.08081187019886127
2023-01-19,91918.81298011387,91918.81298011387,0.0,0,0.0,100000.0,-0.08081187019886127
2023-01-20,91918.81298011387,91918.81298011387,0.0,0,0.0,100000.0,-0.08081187019886127
2023-01-23,91914.21703946487,82722.33574145348,9191.881298011387,1,-4.999999999999449e-05,100000.0,-0.08085782960535126
2023-01-24,92067.59770067793,73510.5120003136,18557.085700364325,2,0.0016687370697745507,100000.0,-0.07932402299322072
2023-01-25,91953.28459684303,73510.5120003136,18442.772596529438,2,-0.0012416214465217346,100000.0,-0.08046715403156968
2023-01-27,91964.16745631231,55361.56265514753,36602.60480116477,4,0.0001183520470964261,100000.0,-0.08035832543687693
2023-01-30,90199.3270504642,37306.26752520288,52893.05952526133,6,-0.019190522294310952,100000.0,-0.09800672949535805
2023-01-31,90140.10220833286,37306.26752520288,52833.83468312997,6,-0.0006565996007731334,100000.0,-0.09859897791667138
2023-02-01,92150.8807353586,64019.71593126511,28131.16480409348,3,0.022307258121123663,100000.0,-0.07849119264641402
2023-02-02,91315.61426721123,63916.82016793297,27398.79409927826,3,-0.009064118123256026,100000.0,-0.08684385732788769
2023-02-03,92184.19837092643,45468.91728362216,46715.281087304276,5,0.00951189027950372,100000.0,-0.07815801629073571
2023-02-06,93312.94703771385,45468.91728362216,47844.02975409169,5,0.012244491862321238,100000.0,-0.06687052962286155
2023-02-07,94330.10064959436,74288.52531439044,20041.575335203917,2,0.010900455340558501,100000.0,-0.05669899350405638
2023-02-08,94608.39739501286,75684.82555882666,18923.57183618619,2,0.0029502432786780997,100000.0,-0.053916026049871446
2023-02-09,94777.33731409741,75684.82555882666,19092.511755270752,2,0.001785675730022085,100000.0,-0.052226626859025904
2023-02-10,94845.06751652315,75684.82555882666,19160.24195769649,2,0.0007146244486830877,100000.0,-0.051549324834768484
2023-02-13,94428.80031177487,94428.80031177487,0.0,0,-0.0043889177966556225,100000.0,-0.05571199688225126
2023-02-14,94428.80031177487,94428.80031177487,0.0,0,0.0,100000.0,-0.05571199688225126
2023-02-15,94428.80031177487,94428.80031177487,0.0,0,0.0,100000.0,-0.05571199688225126
2023-02-16,94428.80031177487,94428.80031177487,0.0,0,0.0,100000.0,-0.05571199688225126
2023-02-17,94424.07887175928,84981.1988405818,9442.880031177488,1,-5.0000000000105516e-05,100000.0,-0.05575921128240724
2023-02-20,94354.71647060644,75540.53742462682,18814.179045979618,2,-0.0007345838263039806,100000.0,-0.05645283529393563
2023-02-21,94321.17125740834,66103.23237507064,28217.938882337687,3,-0.00035552237824332256,100000.0,-0.056788287425916684
2023-02-22,94097.31032170629,75332.89174115504,18764.418580551246,2,-0.002373390117168084,100000.0,-0.059026896782937155
2023-02-23,93966.62421320476,84580.72137843382,9385.90283477094,1,-0.001388840000364766,100000.0,-0.060333757867952365
2023-02-24,93924.01700642101,93924.01700642101,0.0,0,-0.00045342915253698823,100000.0,-0.06075982993578988
2023-02-27,93924.01700642101,93924.01700642101,0.0,0,0.0,100000.0,-0.06075982993578988
2023-02-28,93919.3208055707,84526.91910492859,9392.401700642102,1,-4.999999999999449e-05,100000.0,-0.06080679194429306
2023-03-01,93973.85576555194,75124.36470786526,18849.491057686682,2,0.0005806575208753273,100000.0,-0.06026144234448061
2023-03-02,94070.52204239057,75124.36470786526,18946.157334525316,2,0.0010286507460095518,100000.0,-0.0592947795760943
2023-03-03,93924.04487838429,84700.10819480303,9223.936683581249,1,-0.0015570995124304376,100000.0,-0.06075955121615717
2023-03-06,93857.35038938209,93857.35038938209,0.0,0,-0.000710089616440146,100000.0,-0.06142649610617912
2023-03-08,93857.35038938209,93857.35038938209,0.0,0,0.0,100000.0,-0.06142649610617912
2023-03-09,93857.35038938209,93857.35038938209,0.0,0,0.0,100000.0,-0.06142649610617912
2023-03-10,93857.35038938209,93857.35038938209,0.0,0,0.0,100000.0,-0.06142649610617912
2023-03-13,93857.35038938209,93857.35038938209,0.0,0,0.0,100000.0,-0.06142649610617912
2023-03-14,93857.35038938209,93857.35038938209,0.0,0,0.0,100000.0,-0.06142649610617912
2023-03-15,93857.35038938209,93857.35038938209,0.0,0,0.0,100000.0,-0.06142649610617912
2023-03-16,93857.35038938209,93857.35038938209,0.0,0,0.0,100000.0,-0.06142649610617912
2023-03-17,93852.65752186261,84466.9224829244,9385.73503893821,1,-5.0000000000105516e-05,100000.0,-0.06147342478137385
2023-03-20,93961.16304478545,84466.9224829244,9494.240561861054,1,0.0011561262705594988,100000.0,-0.06038836955214544
2023-03-21,93810.59322974764,75080.70331932997,18729.88991041766,2,-0.0016024686174440639,100000.0,-0.06189406770252359
2023-03-22,93953.17814209721,84482.23223393603,9470.945908161182,1,0.0015199233630296405,100000.0,-0.060468218579027844
2023-03-23,94109.28910548918,84482.23223393603,9627.056871553157,1,0.0016615825720749378,100000.0,-0.0589071089451082
2023-03-24,94025.15631822225,94025.15631822225,0.0,0,-0.0008939902539549793,100000.0,-0.05974843681777753
2023-03-27,94025.15631822225,94025.15631822225,0.0,0,0.0,100000.0,-0.05974843681777753
2023-03-28,94025.15631822225,94025.15631822225,0.0,0,0.0,100000.0,-0.05974843681777753
2023-03-29,94025.15631822225,94025.15631822225,0.0,0,0.0,100000.0,-0.05974843681777753
2023-03-31,94025.15631822225,94025.15631822225,0.0,0,0.0,100000.0,-0.05974843681777753
2023-04-03,94025.15631822225,94025.15631822225,0.0,0,0.0,100000.0,-0.05974843681777753
2023-04-05,94025.15631822225,94025.15631822225,0.0,0,0.0,100000.0,-0.05974843681777753
2023-04-06,94025.15631822225,94025.15631822225,0.0,0,0.0,100000.0,-0.05974843681777753
2023-04-10,94025.15631822225,94025.15631822225,0.0,0,0.0,100000.0,-0.05974843681777753
2023-04-11,94025.15631822225,94025.15631822225,0.0,0,0.0,100000.0,-0.05974843681777753
2023-04-12,94025.15631822225,94025.15631822225,0.0,0,0.0,100000.0,-0.05974843681777753
2023-04-13,94025.15631822225,94025.15631822225,0.0,0,0.0,100000.0,-0.05974843681777753
2023-04-17,94025.15631822225,94025.15631822225,0.0,0,0.0,100000.0,-0.05974843681777753
2023-04-18,94020.45506040634,84617.93942858411,9402.515631822225,1,-4.999999999988347e-05,100000.0,-0.05979544939593662
2023-04-19,93904.95474121785,84617.93942858411,9287.015312633743,1,-0.0012284594784643943,100000.0,-0.0609504525878215
2023-04-20,93729.8529866771,84617.93942858411,9111.913558092989,1,-0.0018646700275112282,100000.0,-0.06270147013322902
2023-04-21,93706.05801404692,93706.05801404692,0.0,0,-0.000253867597909907,100000.0,-0.06293941985953078
2023-04-24,93706.05801404692,93706.05801404692,0.0,0,0.0,100000.0,-0.06293941985953078
2023-04-25,93706.05801404692,93706.05801404692,0.0,0,0.0,100000.0,-0.06293941985953078
2023-04-26,93706.05801404692,93706.05801404692,0.0,0,0.0,100000.0,-0.06293941985953078
2023-04-27,93706.05801404692,93706.05801404692,0.0,0,0.0,100000.0,-0.06293941985953078
2023-04-28,93706.05801404692,93706.05801404692,0.0,0,0.0,100000.0,-0.06293941985953078
2023-05-02,93701.37271114622,84330.76690974153,9370.605801404692,1,-4.999999999999449e-05,100000.0,-0.06298627288853775
2023-05-03,93521.79743543667,84330.76690974153,9191.030525695145,1,-0.0019164636601762819,100000.0,-0.06478202564563329
2023-05-04,93542.29171216478,84330.76690974153,9211.524802423248,1,0.0002191390380648084,100000.0,-0.06457708287835218
2023-05-05,93551.57203572929,93551.57203572929,0.0,0,9.92099230694432e-05,100000.0,-0.06448427964270709
2023-05-08,93551.57203572929,93551.57203572929,0.0,0,0.0,100000.0,-0.06448427964270709
2023-05-09,93551.57203572929,93551.57203572929,0.0,0,0.0,100000.0,-0.06448427964270709
2023-05-10,93551.57203572929,93551.57203572929,0.0,0,0.0,100000.0,-0.06448427964270709
2023-05-11,93551.57203572929,93551.57203572929,0.0,0,0.0,100000.0,-0.06448427964270709
2023-05-12,93537.53929992393,65472.06768920514,28065.47161071879,3,-0.00014999999999998348,100000.0,-0.06462460700076078
2023-05-15,93141.77254455318,65472.06768920514,27669.70485534804,3,-0.00423110077871236,100000.0,-0.06858227455446819
2023-05-16,93506.27019019469,65472.06768920514,28034.20250098955,3,0.003913363850437168,100000.0,-0.06493729809805315
2023-05-17,93318.24064246874,93318.24064246874,0.0,0,-0.0020108763545321207,100000.0,-0.0668175935753127
2023-05-18,93318.24064246874,93318.24064246874,0.0,0,0.0,100000.0,-0.0668175935753127
2023-05-19,93318.24064246874,93318.24064246874,0.0,0,0.0,100000.0,-0.0668175935753127
2023-05-22,93318.24064246874,93318.24064246874,0.0,0,0.0,100000.0,-0.0668175935753127
2023-05-23,93318.24064246874,93318.24064246874,0.0,0,0.0,100000.0,-0.0668175935753127
2023-05-24,93318.24064246874,93318.24064246874,0.0,0,0.0,100000.0,-0.0668175935753127
2023-05-25,93313.57473043661,83981.75066618974,9331.824064246874,1,-4.999999999999449e-05,100000.0,-0.0668642526956339
2023-05-26,93791.6388559566,83981.75066618974,9809.888189766858,1,0.0051232002085550565,100000.0,-0.06208361144043406
2023-05-29,93810.76180133913,83981.75066618974,9829.011135149394,1,0.00020388752788402797,100000.0,-0.061892381986608624
2023-05-30,93650.2667580765,93650.2667580765,0.0,0,-0.0017108382895612007,100000.0,-0.06349733241923505
2023-05-31,93650.2667580765,93650.2667580765,0.0,0,0.0,100000.0,-0.06349733241923505
2023-06-01,93650.2667580765,93650.2667580765,0.0,0,0.0,100000.0,-0.06349733241923505
2023-06-02,93645.5842447386,84280.55756893095,9365.02667580765,1,-4.999999999999449e-05,100000.0,-0.063544157552614
2023-06-05,93727.55348075736,84280.55756893095,9446.995911826403,1,0.0008753134136527674,100000.0,-0.06272446519242647
2023-06-06,93698.86420857211,84280.55756893095,9418.30663964116,1,-0.00030609219082133876,100000.0,-0.06301135791427892
2023-06-07,93651.1422557913,93651.1422557913,0.0,0,-0.0005093119664137946,100000.0,-0.06348857744208702
2023-06-08,93651.1422557913,93651.1422557913,0.0,0,0.0,100000.0,-0.06348857744208702
2023-06-09,93651.1422557913,93651.1422557913,0.0,0,0.0,100000.0,-0.06348857744208702
2023-06-12,93651.1422557913,93651.1422557913,0.0,0,0.0,100000.0,-0.06348857744208702
2023-06-13,93651.1422557913,93651.1422557913,0.0,0,0.0,100000.0,-0.06348857744208702
2023-06-14,93651.1422557913,93651.1422557913,0.0,0,0.0,100000.0,-0.06348857744208702
2023-06-15,93651.1422557913,93651.1422557913,0.0,0,0.0,100000.0,-0.06348857744208702
2023-06-16,93651.1422557913,93651.1422557913,0.0,0,0.0,100000.0,-0.06348857744208702
2023-06-19,93651.1422557913,93651.1422557913,0.0,0,0.0,100000.0,-0.06348857744208702
2023-06-20,93651.1422557913,93651.1422557913,0.0,0,0.0,100000.0,-0.06348857744208702
2023-06-21,93651.1422557913,93651.1422557913,0.0,0,0.0,100000.0,-0.06348857744208702
2023-06-22,93651.1422557913,93651.1422557913,0.0,0,0.0,100000.0,-0.06348857744208702
2023-06-23,93651.1422557913,93651.1422557913,0.0,0,0.0,100000.0,-0.06348857744208702
2023-06-26,93641.77714156572,74911.54869040746,18730.228451158262,2,-0.00010000000000010001,100000.0,-0.06358222858434281
2023-06-27,94334.89744721972,74911.54869040746,19423.34875681225,2,0.007401827761194246,100000.0,-0.05665102552780288
2023-06-28,94193.75536368648,74911.54869040746,19282.20667327902,2,-0.0014961810247603458,100000.0,-0.05806244636313529
2023-06-30,95161.9205132262,95161.9205132262,0.0,0,0.010278443043295171,100000.0,-0.04838079486773805
2023-07-03,95161.9205132262,95161.9205132262,0.0,0,0.0,100000.0,-0.04838079486773805
2023-07-04,95161.9205132262,95161.9205132262,0.0,0,0.0,100000.0,-0.04838079486773805
2023-07-05,95157.16241720054,85640.97036587792,9516.19205132262,1,-4.999999999999449e-05,100000.0,-0.04842837582799464
2023-07-06,94708.52728073538,85640.97036587792,9067.556914857463,1,-0.004714675438704186,100000.0,-0.05291472719264623
2023-07-07,94598.46251781355,85640.97036587792,8957.492151935621,1,-0.0011621420592421439,100000.0,-0.05401537482186458
2023-07-10,94592.44972036364,94592.44972036364,0.0,0,-6.356125976969551e-05,100000.0,-0.05407550279636353
2023-07-11,94592.44972036364,94592.44972036364,0.0,0,0.0,100000.0,-0.05407550279636353
2023-07-12,94592.44972036364,94592.44972036364,0.0,0,0.0,100000.0,-0.05407550279636353
2023-07-13,94592.44972036364,94592.44972036364,0.0,0,0.0,100000.0,-0.05407550279636353
2023-07-14,94587.72009787762,85128.47512584126,9459.244972036364,1,-4.999999999999449e-05,100000.0,-0.054122799021223744
2023-07-17,94568.25885361101,85128.47512584126,9439.78372776976,1,-0.00020574810605933358,100000.0,-0.05431741146388991
2023-07-18,94509.86716004327,85128.47512584126,9381.392034202012,1,-0.0006174555212878907,100000.0,-0.054901328399567295
2023-07-19,94505.17799224591,94505.17799224591,0.0,0,-4.961564266536822e-05,100000.0,-0.054948220077540855
2023-07-20,94505.17799224591,94505.17799224591,0.0,0,0.0,100000.0,-0.054948220077540855
2023-07-21,94505.17799224591,94505.17799224591,0.0,0,0.0,100000.0,-0.054948220077540855
2023-07-24,94495.72747444667,75594.6918759975,18901.035598449183,2,-0.00010000000000021103,100000.0,-0.05504272525553333
2023-07-25,94376.44155632751,66151.85675653095,28224.58479979657,3,-0.0012623419207118403,100000.0,-0.05623558443672494
2023-07-26,94350.95433659098,56711.571760905244,37639.38257568573,4,-0.0002700591303955724,100000.0,-0.05649045663409025
2023-07-27,94548.6095481535,75571.15033709312,18977.45921106039,2,0.002094893612389015,100000.0,-0.05451390451846494
2023-07-28,94357.67941756546,66117.65513471336,28240.024282852108,3,-0.0020193859169425066,100000.0,-0.056423205824345346
2023-07-31,94274.99930352345,75335.8840661621,18939.115237361344,2,-0.0008762414946230646,100000.0,-0.057250006964765454
2023-08-01,94479.12887956391,75335.8840661621,19143.244813401805,2,0.0021652567228693798,100000.0,-0.05520871120436088
2023-08-02,94784.02636853639,94784.02636853639,0.0,0,0.0032271411960322904,100000.0,-0.05215973631463611
2023-08-03,94784.02636853639,94784.02636853639,0.0,0,0.0,100000.0,-0.05215973631463611
2023-08-04,94779.28716721796,85300.88453036432,9478.40263685364,1,-4.999999999999449e-05,100000.0,-0.052207128327820373
2023-08-07,95021.57994746944,75793.50008739786,19228.079860071586,2,0.0025563895603477604,100000.0,-0.04978420052530563
2023-08-08,95863.54427831646,75793.50008739786,20070.044190918612,2,0.008860769641090949,100000.0,-0.04136455721683541
2023-08-09,95354.11700237622,76091.60381750794,19262.51318486828,2,-0.005314087641713261,100000.0,-0.04645882997623774
2023-08-10,95291.96997293325,85673.11418550088,9618.855787432374,1,-0.0006517498289184687,100000.0,-0.04708030027066745
2023-08-11,95440.67764840591,76123.79692091464,19316.88072749127,2,0.0015605478144160578,100000.0,-0.04559322351594097
2023-08-14,95187.20734534388,85622.93418160263,9564.273163741245,1,-0.0026557890126869266,100000.0,-0.04812792654656117
2023-08-16,94895.06084716978,76128.2086075646,18766.85223960518,2,-0.003069178162924513,100000.0,-0.051049391528302235
2023-08-17,94584.56511870929,75616.48081659919,18968.084302110095,2,-0.003271990403805658,100000.0,-0.05415434881290715
2023-08-18,94638.63264961663,75616.48081659919,19022.15183301744,2,0.0005716316487736073,100000.0,-0.053613673503833725
2023-08-21,95095.4946137202,85635.9873148764,9459.50729884381,1,0.004827436230984361,100000.0,-0.049045053862797894
2023-08-22,95036.7382208547,95036.7382208547,0.0,0,-0.0006178672617894732,100000.0,-0.04963261779145289
2023-08-23,95036.7382208547,95036.7382208547,0.0,0,0.0,100000.0,-0.04963261779145289
2023-08-24,95036.7382208547,95036.7382208547,0.0,0,0.0,100000.0,-0.04963261779145289
2023-08-25,95036.7382208547,95036.7382208547,0.0,0,0.0,100000.0,-0.04963261779145289
2023-08-28,95036.7382208547,95036.7382208547,0.0,0,0.0,100000.0,-0.04963261779145289
2023-08-29,95036.7382208547,95036.7382208547,0.0,0,0.0,100000.0,-0.04963261779145289
2023-08-30,95036.7382208547,95036.7382208547,0.0,0,0.0,100000.0,-0.04963261779145289
2023-08-31,95036.7382208547,95036.7382208547,0.0,0,0.0,100000.0,-0.04963261779145289
2023-09-01,95036.7382208547,95036.7382208547,0.0,0,0.0,100000.0,-0.04963261779145289
2023-09-04,95036.7382208547,95036.7382208547,0.0,0,0.0,100000.0,-0.04963261779145289
2023-09-05,95036.7382208547,95036.7382208547,0.0,0,0.0,100000.0,-0.04963261779145289
2023-09-06,95036.7382208547,95036.7382208547,0.0,0,0.0,100000.0,-0.04963261779145289
2023-09-07,95036.7382208547,95036.7382208547,0.0,0,0.0,100000.0,-0.04963261779145289
2023-09-08,95036.7382208547,95036.7382208547,0.0,0,0.0,100000.0,-0.04963261779145289
2023-09-11,95036.7382208547,95036.7382208547,0.0,0,0.0,100000.0,-0.04963261779145289
2023-09-12,95036.7382208547,95036.7382208547,0.0,0,0.0,100000.0,-0.04963261779145289
2023-09-13,95027.23454703263,76019.88690286169,19007.347644170943,2,-9.999999999998899e-05,100000.0,-0.04972765452967376
2023-09-14,95287.6158929354,76019.88690286169,19267.72899007371,2,0.002740070750705703,100000.0,-0.047123841070646044
2023-09-15,95348.34202704592,76019.88690286169,19328.455124184224,2,0.0006372930368909735,100000.0,-0.04651657972954082
2023-09-18,95817.35563005637,86235.14095631705,9582.214673739325,1,0.004918948699468739,100000.0,-0.04182644369943633
2023-09-20,95713.96288012342,86235.14095631705,9478.821923806374,1,-0.0010790607740431835,100000.0,-0.042860371198765734
2023-09-21,95808.58008772731,76649.01321215273,19159.56687557458,2,0.000988541324136838,100000.0,-0.04191419912272687
2023-09-22,95828.8623519025,86210.50763767798,9618.354714224519,1,0.00021169569736456673,100000.0,-0.041711376480975004
2023-09-25,95619.09678701866,86210.50763767798,9408.589149340676,1,-0.002188960191487399,100000.0,-0.04380903212981346
2023-09-26,95614.39202510756,95614.39202510756,0.0,0,-4.9203162016620006e-05,100000.0,-0.04385607974892436
2023-09-27,95614.39202510756,95614.39202510756,0.0,0,0.0,100000.0,-0.04385607974892436
2023-09-28,95614.39202510756,95614.39202510756,0.0,0,0.0,100000.0,-0.04385607974892436
2023-09-29,95604.83058590506,76481.95218088354,19122.878405021514,2,-9.999999999987796e-05,100000.0,-0.04395169414094935
2023-10-03,95491.78404010218,76481.95218088354,19009.83185921864,2,-0.0011824355015336296,100000.0,-0.04508215959897821
2023-10-04,95405.54072129863,76481.95218088354,18923.588540415098,2,-0.0009031490998988589,100000.0,-0.04594459278701368
2023-10-05,95557.27996369365,86001.07415703396,9556.2058066597,1,0.00159046572398025,100000.0,-0.04442720036306347
2023-10-06,95605.06087270568,86001.07415703396,9603.98671567172,1,0.0005000237452361667,100000.0,-0.04394939127294317
2023-10-09,95507.58726348121,86001.07415703396,9506.513106447246,1,-0.0010195444502070217,100000.0,-0.044924127365187916
2023-10-10,95551.54636001424,95551.54636001424,0.0,0,0.000460268108456674,100000.0,-0.04448453639985761
2023-10-11,95551.54636001424,95551.54636001424,0.0,0,0.0,100000.0,-0.04448453639985761
2023-10-12,95551.54636001424,95551.54636001424,0.0,0,0.0,100000.0,-0.04448453639985761
2023-10-13,95551.54636001424,95551.54636001424,0.0,0,0.0,100000.0,-0.04448453639985761
2023-10-16,95551.54636001424,95551.54636001424,0.0,0,0.0,100000.0,-0.04448453639985761
2023-10-17,95551.54636001424,95551.54636001424,0.0,0,0.0,100000.0,-0.04448453639985761
2023-10-18,95551.54636001424,95551.54636001424,0.0,0,0.0,100000.0,-0.04448453639985761
2023-10-19,95551.54636001424,95551.54636001424,0.0,0,0.0,100000.0,-0.04448453639985761
2023-10-20,95551.54636001424,95551.54636001424,0.0,0,0.0,100000.0,-0.04448453639985761
2023-10-23,95551.54636001424,95551.54636001424,0.0,0,0.0,100000.0,-0.04448453639985761
2023-10-25,95551.54636001424,95551.54636001424,0.0,0,0.0,100000.0,-0.04448453639985761
2023-10-26,95551.54636001424,95551.54636001424,0.0,0,0.0,100000.0,-0.04448453639985761
2023-10-27,95551.54636001424,95551.54636001424,0.0,0,0.0,100000.0,-0.04448453639985761
2023-10-30,95551.54636001424,95551.54636001424,0.0,0,0.0,100000.0,-0.04448453639985761
2023-10-31,95551.54636001424,95551.54636001424,0.0,0,0.0,100000.0,-0.04448453639985761
2023-11-01,95551.54636001424,95551.54636001424,0.0,0,0.0,100000.0,-0.04448453639985761
2023-11-02,95551.54636001424,95551.54636001424,0.0,0,0.0,100000.0,-0.04448453639985761
2023-11-03,95551.54636001424,95551.54636001424,0.0,0,0.0,100000.0,-0.04448453639985761
2023-11-06,95551.54636001424,95551.54636001424,0.0,0,0.0,100000.0,-0.04448453639985761
2023-11-07,95551.54636001424,95551.54636001424,0.0,0,0.0,100000.0,-0.04448453639985761
2023-11-08,95551.54636001424,95551.54636001424,0.0,0,0.0,100000.0,-0.04448453639985761
2023-11-09,95551.54636001424,95551.54636001424,0.0,0,0.0,100000.0,-0.04448453639985761
2023-11-10,95551.54636001424,95551.54636001424,0.0,0,0.0,100000.0,-0.04448453639985761
2023-11-13,95551.54636001424,95551.54636001424,0.0,0,0.0,100000.0,-0.04448453639985761
2023-11-15,95551.54636001424,95551.54636001424,0.0,0,0.0,100000.0,-0.04448453639985761
2023-11-16,95551.54636001424,95551.54636001424,0.0,0,0.0,100000.0,-0.04448453639985761
2023-11-17,95551.54636001424,95551.54636001424,0.0,0,0.0,100000.0,-0.04448453639985761
2023-11-20,95546.76878269624,85991.61414669482,9555.154636001424,1,-4.999999999999449e-05,100000.0,-0.04453231217303766
2023-11-21,95580.65122627935,85991.61414669482,9589.037079584545,1,0.00035461632051814185,100000.0,-0.04419348773720644
2023-11-22,95528.9800392205,85991.61414669482,9537.36589252569,1,-0.0005406030027617081,100000.0,-0.044710199607794876
2023-11-23,95503.89131285698,95503.89131285698,0.0,0,-0.0002626294801140183,100000.0,-0.04496108687143019
2023-11-24,95499.11611829135,85948.72698700565,9550.3891312857,1,-4.999999999988347e-05,100000.0,-0.045008838817086505
2023-11-28,95578.96656359259,85948.72698700565,9630.239576586939,1,0.000836138056004021,100000.0,-0.044210334364074066
2023-11-29,95568.93532867148,85948.72698700565,9620.208341665824,1,-0.00010495232666529741,100000.0,-0.04431064671328522
2023-11-30,95574.15112188557,95574.15112188557,0.0,0,5.457624065985378e-05,100000.0,-0.044258488781144245
2023-12-01,95574.15112188557,95574.15112188557,0.0,0,0.0,100000.0,-0.044258488781144245
2023-12-04,95574.15112188557,95574.15112188557,0.0,0,0.0,100000.0,-0.044258488781144245
2023-12-05,95574.15112188557,95574.15112188557,0.0,0,0.0,100000.0,-0.044258488781144245
2023-12-06,95574.15112188557,95574.15112188557,0.0,0,0.0,100000.0,-0.044258488781144245
2023-12-07,95574.15112188557,95574.15112188557,0.0,0,0.0,100000.0,-0.044258488781144245
2023-12-08,95574.15112188557,95574.15112188557,0.0,0,0.0,100000.0,-0.044258488781144245
2023-12-11,95574.15112188557,95574.15112188557,0.0,0,0.0,100000.0,-0.044258488781144245
2023-12-12,95569.37241432947,86011.95730214092,9557.415112188557,1,-5.0000000000105516e-05,100000.0,-0.044306275856705324
2023-12-13,95681.36846291985,86011.95730214092,9669.411160778933,1,0.0011718822229451753,100000.0,-0.04318631537080142
2023-12-14,95763.73611049404,86011.95730214092,9751.778808353114,1,0.0008608535694816233,100000.0,-0.042362638895059646
2023-12-15,95738.27840276764,95738.27840276764,0.0,0,-0.00026583870638696716,100000.0,-0.0426172159723236
2023-12-18,95738.27840276764,95738.27840276764,0.0,0,0.0,100000.0,-0.0426172159723236
2023-12-19,95738.27840276764,95738.27840276764,0.0,0,0.0,100000.0,-0.0426172159723236
2023-12-20,95738.27840276764,95738.27840276764,0.0,0,0.0,100000.0,-0.0426172159723236
2023-12-21,95738.27840276764,95738.27840276764,0.0,0,0.0,100000.0,-0.0426172159723236
2023-12-22,95738.27840276764,95738.27840276764,0.0,0,0.0,100000.0,-0.0426172159723236
2023-12-26,95738.27840276764,95738.27840276764,0.0,0,0.0,100000.0,-0.0426172159723236
2023-12-27,95738.27840276764,95738.27840276764,0.0,0,0.0,100000.0,-0.0426172159723236
2023-12-28,95738.27840276764,95738.27840276764,0.0,0,0.0,100000.0,-0.0426172159723236
2023-12-29,95738.27840276764,95738.27840276764,0.0,0,0.0,100000.0,-0.0426172159723236
2024-01-01,95738.27840276764,95738.27840276764,0.0,0,0.0,100000.0,-0.0426172159723236
2024-01-02,95738.27840276764,95738.27840276764,0.0,0,0.0,100000.0,-0.0426172159723236
2024-01-03,95738.27840276764,95738.27840276764,0.0,0,0.0,100000.0,-0.0426172159723236
2024-01-04,95738.27840276764,95738.27840276764,0.0,0,0.0,100000.0,-0.0426172159723236
2024-01-05,95738.27840276764,95738.27840276764,0.0,0,0.0,100000.0,-0.0426172159723236
2024-01-08,95738.27840276764,95738.27840276764,0.0,0,0.0,100000.0,-0.0426172159723236
2024-01-09,95738.27840276764,95738.27840276764,0.0,0,0.0,100000.0,-0.0426172159723236
2024-01-10,95738.27840276764,95738.27840276764,0.0,0,0.0,100000.0,-0.0426172159723236
2024-01-11,95738.27840276764,95738.27840276764,0.0,0,0.0,100000.0,-0.0426172159723236
2024-01-12,95738.27840276764,95738.27840276764,0.0,0,0.0,100000.0,-0.0426172159723236
2024-01-15,95738.27840276764,95738.27840276764,0.0,0,0.0,100000.0,-0.0426172159723236
2024-01-16,95733.4914888475,86159.66364857074,9573.827840276765,1,-4.999999999999449e-05,100000.0,-0.042665085111525
2024-01-17,95659.63695136167,86159.66364857074,9499.973302790931,1,-0.000771459771677141,100000.0,-0.04340363048638329
2024-01-18,95598.65129108689,57461.42372756288,38137.227563524015,4,-0.0006375276158091525,100000.0,-0.04401348708913111
2024-01-19,96227.7912169636,57382.9666037344,38844.8246132292,4,0.006581054412170051,100000.0,-0.037722087830364015
2024-01-23,96774.53267059562,57382.9666037344,39391.566066861225,4,0.00568174169559077,100000.0,-0.032254673294043745
2024-01-24,95452.5018926377,46940.05710459732,48512.44478804038,5,-0.013660936834052229,100000.0,-0.04547498107362302
2024-01-25,95916.70670045767,47270.96346326143,48645.74323719624,5,0.004863202101733188,100000.0,-0.04083293299542334
2024-01-29,94760.47813854768,37789.7035625047,56970.774576042975,6,-0.0120545064742561,100000.0,-0.05239521861452323
2024-01-30,95707.11809427451,76841.93584534735,18865.18224892715,2,0.009989818269413586,100000.0,-0.042928819057254874
2024-01-31,95703.98319020044,67225.69348919517,28478.289701005262,3,-3.2755182023058715e-05,100000.0,-0.04296016809799563
2024-02-01,95952.86677424326,67040.28020260792,28912.58657163534,3,0.0026005561706683444,100000.0,-0.04047133225756738
2024-02-02,95712.57471884937,67040.28020260792,28672.294516241454,3,-0.0025042717687554505,100000.0,-0.04287425281150625
2024-02-05,95963.8688433722,86656.2512250697,9307.6176183025,1,0.002625507936245386,100000.0,-0.04036131156627798
2024-02-06,95877.91289790382,95877.91289790382,0.0,0,-0.0008957115475269894,100000.0,-0.041220871020961836
2024-02-07,95873.11900225893,86285.32771246854,9587.791289790383,1,-4.999999999999449e-05,100000.0,-0.04126880997741067
2024-02-08,95752.15410314314,86285.32771246854,9466.826390674601,1,-0.0012617186170081895,100000.0,-0.04247845896856861
2024-02-09,95555.8049750224,86285.32771246854,9270.477262553863,1,-0.0020505975031039902,100000.0,-0.04444195024977593
2024-02-12,95961.19358711514,95961.19358711514,0.0,0,0.00424242789016005,100000.0,-0.040388064128848655
2024-02-13,95961.19358711514,95961.19358711514,0.0,0,0.0,100000.0,-0.040388064128848655
2024-02-14,95956.39552743577,86360.27616872426,9596.119358711514,1,-5.0000000000105516e-05,100000.0,-0.04043604472564233
2024-02-15,95913.53921334563,86360.27616872426,9553.263044621373,1,-0.00044662280043528124,100000.0,-0.04086460786654367
2024-02-16,96048.62936894778,86360.27616872426,9688.353200223513,1,0.001408457624545001,100000.0,-0.0395137063105222
2024-02-19,96021.43730152532,96021.43730152532,0.0,0,-0.00028310729264025003,100000.0,-0.03978562698474675
2024-02-20,96021.43730152532,96021.43730152532,0.0,0,0.0,100000.0,-0.03978562698474675
2024-02-21,96021.43730152532,96021.43730152532,0.0,0,0.0,100000.0,-0.03978562698474675
2024-02-22,96021.43730152532,96021.43730152532,0.0,0,0.0,100000.0,-0.03978562698474675
2024-02-23,96021.43730152532,96021.43730152532,0.0,0,0.0,100000.0,-0.03978562698474675
2024-02-26,96021.43730152532,96021.43730152532,0.0,0,0.0,100000.0,-0.03978562698474675
2024-02-27,96016.63622966025,86414.49249950772,9602.143730152533,1,-4.999999999999449e-05,100000.0,-0.03983363770339754
2024-02-28,95995.52465818926,76809.6600158317,19185.864642357556,2,-0.0002198740999475035,100000.0,-0.040044753418107426
2024-02-29,95804.50272657287,76809.6600158317,18994.84271074117,2,-0.0019899045533273707,100000.0,-0.04195497273427129
2024-03-01,96229.34587788754,57445.14049961727,38784.20537827026,4,0.004434480000665264,100000.0,-0.0377065412211246
2024-03-04,96176.38261082352,67313.1477758177,28863.234835005816,3,-0.000550385816102561,100000.0,-0.03823617389176481
2024-03-05,95783.67830498237,67313.1477758177,28470.530529164673,3,-0.004083167771345986,100000.0,-0.04216321695017633
2024-03-06,95914.78796803424,95914.78796803424,0.0,0,0.0013688100663080682,100000.0,-0.04085212031965757
2024-03-07,95914.78796803424,95914.78796803424,0.0,0,0.0,100000.0,-0.04085212031965757
2024-03-11,95909.99222863583,86318.51343183241,9591.478796803425,1,-5.0000000000105516e-05,100000.0,-0.04090007771364168
2024-03-12,95804.70128950987,86318.51343183241,9486.187857677467,1,-0.0010978099015477305,100000.0,-0.04195298710490125
2024-03-13,95824.75660673277,86318.51343183241,9506.243174900355,1,0.00020933541833501046,100000.0,-0.04175243393267225
2024-03-14,95593.68280202366,66911.2756003363,28682.407201687354,3,-0.0024114207318829406,100000.0,-0.044063171979763394
2024-03-15,96900.87556332923,66911.2756003363,29989.599962992932,3,0.013674468050496547,100000.0,-0.030991244366707638
2024-03-18,96614.34669124035,57244.52687644151,39369.819814798844,4,-0.002956927586290181,100000.0,-0.03385653308759651
2024-03-19,96837.76491255948,87175.84758588187,9661.917326677605,1,0.0023124745855098716,100000.0,-0.031622350874405236
2024-03-20,96675.28834033667,77503.00134511915,19172.286995217517,2,-0.0016778224112206086,100000.0,-0.033247116596633264
2024-03-21,96837.92473743527,87160.08790126051,9677.836836174756,1,0.0016822954437545334,100000.0,-0.03162075262564734
2024-03-22,96612.23268186796,87160.08790126051,9452.144780607437,1,-0.002330616400333385,100000.0,-0.0338776731813204
2024-03-26,96549.34445622156,86893.92723973858,9655.41721648298,1,-0.0006509343993061911,100000.0,-0.03450655543778436
2024-03-27,96575.22947261127,86893.92723973858,9681.302232872691,1,0.000268101420423994,100000.0,-0.03424770527388721
2024-03-28,96517.95777533842,86893.92723973858,9624.030535599837,1,-0.0005930267790779098,100000.0,-0.034820422246615745
2024-04-01,96757.96774252974,96757.96774252974,0.0,0,0.0024866871691378023,100000.0,-0.03242032257470262
2024-04-02,96757.96774252974,96757.96774252974,0.0,0,0.0,100000.0,-0.03242032257470262
2024-04-03,96757.96774252974,96757.96774252974,0.0,0,0.0,100000.0,-0.03242032257470262
2024-04-04,96757.96774252974,96757.96774252974,0.0,0,0.0,100000.0,-0.03242032257470262
2024-04-05,96757.96774252974,96757.96774252974,0.0,0,0.0,100000.0,-0.03242032257470262
2024-04-08,96757.96774252974,96757.96774252974,0.0,0,0.0,100000.0,-0.03242032257470262
2024-04-09,96757.96774252974,96757.96774252974,0.0,0,0.0,100000.0,-0.03242032257470262
2024-04-10,96757.96774252974,96757.96774252974,0.0,0,0.0,100000.0,-0.03242032257470262
2024-04-12,96757.96774252974,96757.96774252974,0.0,0,0.0,100000.0,-0.03242032257470262
2024-04-15,96753.12984414262,87077.33306988965,9675.796774252975,1,-4.999999999999449e-05,100000.0,-0.03246870155857384
2024-04-16,96864.06941030356,87077.33306988965,9786.736340413918,1,0.0011466250894380803,100000.0,-0.03135930589696434
2024-04-18,96931.33249705756,87077.33306988965,9853.999427167912,1,0.0006944069887160342,100000.0,-0.03068667502942435
2024-04-19,96663.16620377656,86996.36624340089,9666.799960375674,1,-0.002766559443399208,100000.0,-0.03336833796223437
2024-04-22,96689.02395436677,86996.36624340089,9692.65771096589,1,0.00026750365838101864,100000.0,-0.03310976045633229
2024-04-23,96738.75022292596,86996.36624340089,9742.383979525068,1,0.0005142907284145792,100000.0,-0.03261249777074049
2024-04-24,96991.65135117869,87292.00123355494,9699.65011762375,1,0.00261426912865792,100000.0,-0.03008348648821313
2024-04-25,97021.75202031428,77584.48956833924,19437.262451975046,2,0.0003103428874162706,100000.0,-0.02978247979685722
2024-04-26,97248.2403442183,67854.31661325245,29393.923730965842,3,0.002334407688871609,100000.0,-0.027517596557817048
2024-04-29,96918.83045761395,58358.43474222305,38560.3957153909,4,-0.0033873094817795657,100000.0,-0.03081169542386053
2024-04-30,97015.43669727002,38792.78620602342,58222.65049124661,6,0.0009967747155008588,100000.0,-0.02984563302729981
2024-05-02,96928.08686388718,48202.82173888621,48725.26512500096,5,-0.0009003704601713292,100000.0,-0.03071913136112825
2024-05-03,97908.26336149825,58837.00835592189,39071.255005576364,4,0.010112409409127165,100000.0,-0.02091736638501751
2024-05-06,97982.36398133734,88054.9715523312,9927.392429006144,1,0.0007568372402388945,100000.0,-0.020176360186626607
2024-05-07,98119.1424473506,68419.36758821993,29699.774859130666,3,0.0013959498470490495,100000.0,-0.018808575526493954
2024-05-08,97889.54565617308,78558.17318381093,19331.37247236216,2,-0.002339979594712882,100000.0,-0.021104543438269174
2024-05-09,98022.15150443742,68750.56654546004,29271.584958977386,3,0.001354647703954992,100000.0,-0.01977848495562573
2024-05-10,97291.10658409893,68350.1763931799,28940.930190919025,3,-0.007457956279457889,100000.0,-0.027088934159010702
2024-05-13,97582.66242462552,68350.1763931799,29232.48603144562,3,0.0029967368114429682,100000.0,-0.024173375753744786
2024-05-14,98083.09175919567,58300.87678939314,39782.214969802524,4,0.0051282607190257234,100000.0,-0.01916908240804327
2024-05-15,98204.49610692548,78674.84862150949,19529.647485415997,2,0.001237770400099869,100000.0,-0.017955038930745237
2024-05-16,98233.88234045517,78674.84862150949,19559.033718945684,2,0.0002992351134074589,100000.0,-0.017661176595448302
2024-05-17,98245.71523738073,98245.71523738073,0.0,0,0.00012045637048685442,100000.0,-0.017542847626192626
2024-05-21,98245.71523738073,98245.71523738073,0.0,0,0.0,100000.0,-0.017542847626192626
2024-05-22,98245.71523738073,98245.71523738073,0.0,0,0.0,100000.0,-0.017542847626192626
2024-05-23,98245.71523738073,98245.71523738073,0.0,0,0.0,100000.0,-0.017542847626192626
2024-05-24,98245.71523738073,98245.71523738073,0.0,0,0.0,100000.0,-0.017542847626192626
2024-05-27,98240.80295161887,88416.23142788079,9824.571523738074,1,-4.999999999999449e-05,100000.0,-0.017591970483811337
2024-05-28,98222.46775737597,88416.23142788079,9806.236329495185,1,-0.00018663522377693198,100000.0,-0.01777532242624036
2024-05-29,98067.83483773592,88416.23142788079,9651.603409855137,1,-0.0015743131197030191,100000.0,-0.019321651622640768
2024-05-30,97728.88688678383,97728.88688678383,0.0,0,-0.0034562601643333135,100000.0,-0.02271113113216172
2024-05-31,97724.0004424395,87951.11175376111,9772.888688678384,1,-4.999999999988347e-05,100000.0,-0.02275999557560504
2024-06-03,98142.85066688256,78131.42856037985,20011.422106502716,2,0.004286052786897088,100000.0,-0.01857149333117447
2024-06-04,98339.10190556638,78131.42856037985,20207.673345186522,2,0.0019996488521607514,100000.0,-0.01660898094433627
2024-06-05,97786.42740524205,0.0,97786.42740524205,10,-0.0056200889535786835,100000.0,-0.02213572594757951
2024-06-06,102039.7895345491,10615.310718189965,91424.47881635913,9,0.04349644671729802,102039.7895345491,0.0
2024-06-07,102023.41660014546,10615.310718189965,91408.10588195549,9,-0.00016045637175776672,102039.7895345491,-0.00016045637175776672
2024-06-10,103637.63338958115,103637.63338958115,0.0,0,0.015822022465314944,103637.63338958115,0.0
2024-06-11,103637.63338958115,103637.63338958115,0.0,0,0.0,103637.63338958115,0.0
2024-06-12,103632.45150791167,93268.68816895355,10363.763338958117,1,-5.0000000000105516e-05,103637.63338958115,-5.0000000000105516e-05
2024-06-13,103533.18261524593,93268.68816895355,10264.494446292372,1,-0.0009578938954094562,103637.63338958115,-0.001007846000714685
2024-06-14,103500.1317655451,93268.68816895355,10231.443596591544,1,-0.00031922953458940473,103637.63338958115,-0.0013267538010943714
2024-06-18,103414.7910994242,103414.7910994242,0.0,0,-0.0008245464490249654,103637.63338958115,-0.0021502062799839683
2024-06-19,103414.7910994242,103414.7910994242,0.0,0,0.0,103637.63338958115,-0.0021502062799839683
2024-06-20,103414.7910994242,103414.7910994242,0.0,0,0.0,103637.63338958115,-0.0021502062799839683
2024-06-21,103414.7910994242,103414.7910994242,0.0,0,0.0,103637.63338958115,-0.0021502062799839683
2024-06-24,103414.7910994242,103414.7910994242,0.0,0,0.0,103637.63338958115,-0.0021502062799839683
2024-06-25,103414.7910994242,103414.7910994242,0.0,0,0.0,103637.63338958115,-0.0021502062799839683
2024-06-26,103414.7910994242,103414.7910994242,0.0,0,0.0,103637.63338958115,-0.0021502062799839683
2024-06-27,103414.7910994242,103414.7910994242,0.0,0,0.0,103637.63338958115,-0.0021502062799839683
2024-06-28,103414.7910994242,103414.7910994242,0.0,0,0.0,103637.63338958115,-0.0021502062799839683
2024-07-01,103414.7910994242,103414.7910994242,0.0,0,0.0,103637.63338958115,-0.0021502062799839683
2024-07-02,103414.7910994242,103414.7910994242,0.0,0,0.0,103637.63338958115,-0.0021502062799839683
2024-07-03,103414.7910994242,103414.7910994242,0.0,0,0.0,103637.63338958115,-0.0021502062799839683
2024-07-04,103414.7910994242,103414.7910994242,0.0,0,0.0,103637.63338958115,-0.0021502062799839683
2024-07-05,103414.7910994242,103414.7910994242,0.0,0,0.0,103637.63338958115,-0.0021502062799839683
2024-07-08,103414.7910994242,103414.7910994242,0.0,0,0.0,103637.63338958115,-0.0021502062799839683
2024-07-09,103409.62035986922,93068.1412499268,10341.47910994242,1,-4.999999999999449e-05,103637.63338958115,-0.002200098769670089
2024-07-10,103565.39469657734,93068.1412499268,10497.253446650524,1,0.0015063814775260198,103637.63338958115,-0.0006970314801792998
2024-07-11,103650.28771627536,72325.64442821794,31324.643288057418,3,0.0008197044963400568,103650.28771627536,0.0
2024-07-12,103862.16220305907,82974.97664656736,20887.185556491706,2,0.0020441283034706714,103862.16220305907,0.0
2024-07-15,104067.93283580837,82974.97664656736,21092.956189241013,2,0.0019811895726473683,104067.93283580837,0.0
2024-07-16,104132.37463721244,104132.37463721244,0.0,0,0.000619228225718027,104132.37463721244,0.0
2024-07-18,104132.37463721244,104132.37463721244,0.0,0,0.0,104132.37463721244,0.0
2024-07-19,104127.16801848059,93713.93055475934,10413.237463721245,1,-4.999999999999449e-05,104132.37463721244,-4.999999999999449e-05
2024-07-22,103737.78751752894,93713.93055475934,10023.856962769603,1,-0.0037394707679223593,104132.37463721244,-0.003789283794383924
2024-07-23,103934.3410601664,93713.93055475934,10220.410505407073,1,0.0018947150054098305,104132.37463721244,-0.0019017484018392095
2024-07-24,104070.68202878963,93663.09344648155,10407.588582308079,1,0.0013117990380513422,104132.37463721244,-0.0005924440755120663
2024-07-25,104041.35663105686,93663.09344648155,10378.26318457531,1,-0.00028178346832263834,104132.37463721244,-0.0008740606028883047
2024-07-26,104300.07001270333,83227.34965452098,21072.72035818236,2,0.002486639832695703,104300.07001270333,0.0
2024-07-29,104661.12438830934,94075.25742744419,10585.86696086515,1,0.003461688717582234,104661.12438830934,0.0
2024-07-30,104497.72806265819,94075.25742744419,10422.470635214006,1,-0.001561194059457316,104661.12438830934,-0.001561194059457316
2024-07-31,104428.97984470338,104428.97984470338,0.0,0,-0.000657891987025705,104661.12438830934,-0.0022180589494210645
2024-08-01,104428.97984470338,104428.97984470338,0.0,0,0.0,104661.12438830934,-0.0022180589494210645
2024-08-02,104428.97984470338,104428.97984470338,0.0,0,0.0,104661.12438830934,-0.0022180589494210645
2024-08-05,104423.75839571115,93980.8604112408,10442.897984470339,1,-4.999999999999449e-05,104661.12438830934,-0.002267948046473567
2024-08-06,104577.54643203784,62587.20080072306,41990.34563131477,4,0.0014727303315775764,104661.12438830934,-0.0007985577907745345
2024-08-07,104783.27873871138,62587.20080072306,42196.07793798831,4,0.0019672703528881286,104783.27873871138,0.0
2024-08-08,104786.94880629709,73167.64128118618,31619.307525110904,3,3.502531730159575e-05,104786.94880629709,0.0
2024-08-09,104776.93972588395,104776.93972588395,0.0,0,-9.551838780652577e-05,104786.94880629709,-9.551838780652577e-05
2024-08-12,104776.93972588395,104776.93972588395,0.0,0,0.0,104786.94880629709,-9.551838780652577e-05
2024-08-13,104776.93972588395,104776.93972588395,0.0,0,0.0,104786.94880629709,-9.551838780652577e-05
2024-08-14,104776.93972588395,104776.93972588395,0.0,0,0.0,104786.94880629709,-9.551838780652577e-05
2024-08-16,104776.93972588395,104776.93972588395,0.0,0,0.0,104786.94880629709,-9.551838780652577e-05
2024-08-19,104776.93972588395,104776.93972588395,0.0,0,0.0,104786.94880629709,-9.551838780652577e-05
2024-08-20,104776.93972588395,104776.93972588395,0.0,0,0.0,104786.94880629709,-9.551838780652577e-05
2024-08-21,104776.93972588395,104776.93972588395,0.0,0,0.0,104786.94880629709,-9.551838780652577e-05
2024-08-22,104776.93972588395,104776.93972588395,0.0,0,0.0,104786.94880629709,-9.551838780652577e-05
2024-08-23,104776.93972588395,104776.93972588395,0.0,0,0.0,104786.94880629709,-9.551838780652577e-05
2024-08-26,104776.93972588395,104776.93972588395,0.0,0,0.0,104786.94880629709,-9.551838780652577e-05
2024-08-27,104776.93972588395,104776.93972588395,0.0,0,0.0,104786.94880629709,-9.551838780652577e-05
2024-08-28,104776.93972588395,104776.93972588395,0.0,0,0.0,104786.94880629709,-9.551838780652577e-05
2024-08-29,104776.93972588395,104776.93972588395,0.0,0,0.0,104786.94880629709,-9.551838780652577e-05
2024-08-30,104776.93972588395,104776.93972588395,0.0,0,0.0,104786.94880629709,-9.551838780652577e-05
2024-09-02,104776.93972588395,104776.93972588395,0.0,0,0.0,104786.94880629709,-9.551838780652577e-05
2024-09-03,104776.93972588395,104776.93972588395,0.0,0,0.0,104786.94880629709,-9.551838780652577e-05
2024-09-04,104776.93972588395,104776.93972588395,0.0,0,0.0,104786.94880629709,-9.551838780652577e-05
2024-09-05,104776.93972588395,104776.93972588395,0.0,0,0.0,104786.94880629709,-9.551838780652577e-05
2024-09-06,104776.93972588395,104776.93972588395,0.0,0,0.0,104786.94880629709,-9.551838780652577e-05
2024-09-09,104771.70087889765,94294.00690630925,10477.693972588395,1,-4.999999999999449e-05,104786.94880629709,-0.00014551361188719358
2024-09-10,104811.74216096698,94294.00690630925,10517.735254657728,1,0.00038217650122529534,104811.74216096698,0.0
2024-09-11,104705.63044778655,94294.00690630925,10411.623541477302,1,-0.0010124029139547686,104811.74216096698,-0.0010124029139547686
2024-09-12,104622.59175233019,83695.980740763,20926.611011567198,2,-0.0007930681005523521,104811.74216096698,-0.0018046681100510886
2024-09-13,105101.68426589317,83695.980740763,21405.70352513017,2,0.004579245319186187,105101.68426589317,0.0
2024-09-16,105091.49163279499,83695.980740763,21395.510892031984,2,-9.697877982994818e-05,105101.68426589317,-9.697877982994818e-05
2024-09-17,105019.42574700652,105019.42574700652,0.0,0,-0.0006857442469299091,105101.68426589317,-0.0007826565241194627
2024-09-18,105019.42574700652,105019.42574700652,0.0,0,0.0,105101.68426589317,-0.0007826565241194627
2024-09-19,105019.42574700652,105019.42574700652,0.0,0,0.0,105101.68426589317,-0.0007826565241194627
2024-09-20,105008.92380443182,84005.03865503051,21003.885149401307,2,-9.999999999998899e-05,105101.68426589317,-0.0008825782584671593
2024-09-23,105986.82344756127,84005.03865503051,21981.78479253076,2,0.009312538474831822,105986.82344756127,0.0
2024-09-24,106090.51434422316,84005.03865503051,22085.475689192648,2,0.0009783376205552141,106090.51434422316,0.0
2024-09-25,106489.6765800349,106489.6765800349,0.0,0,0.003762468664414209,106489.6765800349,0.0
2024-09-26,106489.6765800349,106489.6765800349,0.0,0,0.0,106489.6765800349,0.0
2024-09-27,106489.6765800349,106489.6765800349,0.0,0,0.0,106489.6765800349,0.0
2024-09-30,106489.6765800349,106489.6765800349,0.0,0,0.0,106489.6765800349,0.0
2024-10-01,106489.6765800349,106489.6765800349,0.0,0,0.0,106489.6765800349,0.0
2024-10-03,106489.6765800349,106489.6765800349,0.0,0,0.0,106489.6765800349,0.0
2024-10-04,106473.70312854787,74526.8001545374,31946.90297401047,3,-0.00015000000000020552,106489.6765800349,-0.00015000000000020552
2024-10-07,106290.40017011331,74526.8001545374,31763.600015575917,3,-0.0017215796299792085,106489.6765800349,-0.0018713213930349193
2024-10-08,105878.19243308871,74526.8001545374,31351.392278551313,3,-0.003878127623613059,106489.6765800349,-0.005742191793460916
2024-10-09,106306.15862101542,106306.15862101542,0.0,0,0.004042061713484202,106489.6765800349,-0.0017233403735764652
2024-10-10,106306.15862101542,106306.15862101542,0.0,0,0.0,106489.6765800349,-0.0017233403735764652
2024-10-11,106306.15862101542,106306.15862101542,0.0,0,0.0,106489.6765800349,-0.0017233403735764652
2024-10-14,106306.15862101542,106306.15862101542,0.0,0,0.0,106489.6765800349,-0.0017233403735764652
2024-10-15,106306.15862101542,106306.15862101542,0.0,0,0.0,106489.6765800349,-0.0017233403735764652
2024-10-16,106300.84331308436,95670.22745098283,10630.615862101542,1,-5.0000000000105516e-05,106489.6765800349,-0.0017732542065578283
2024-10-17,106397.09080701153,95670.22745098283,10726.863356028698,1,0.0009054254973659415,106489.6765800349,-0.000869434258763846
2024-10-18,106332.99669423173,85031.0791743111,21301.917519920622,2,-0.00060240474897999,106489.6765800349,-0.001471315256417527
2024-10-21,106672.15797503613,85356.34536631053,21315.812608725602,2,0.0031896146196244146,106672.15797503613,0.0
2024-10-22,107496.47496826199,63844.149505575224,43652.32546268677,4,0.007727573988132619,107496.47496826199,0.0
2024-10-23,106480.8604187631,74809.46073017636,31671.399688586742,3,-0.0094478870102368,107496.47496826199,-0.0094478870102368
2024-10-24,107141.63981171155,85852.08670338335,21289.553108328197,2,0.006205616580761575,107496.47496826199,-0.0033009003937589654
2024-10-25,106882.57791561802,64120.99443267422,42761.58348294381,4,-0.002417938502236816,107496.47496826199,-0.005710857521841639
2024-10-28,106675.77291332008,53447.549680458935,53228.22323286115,5,-0.0019348803736864983,107496.47496826199,-0.00763468806939227
2024-10-29,107260.85046422256,31982.50699829978,75278.34346592278,7,0.005484633810695527,107496.47496826199,-0.002191927727016152
2024-10-30,107215.3551073325,53437.40089445203,53777.954212880475,5,-0.00042415622002944797,107496.47496826199,-0.0026151542272663253
2024-10-31,107560.48902312259,53408.9843721383,54151.504650984294,5,0.0032190717033449,107560.48902312259,0.0
2024-11-01,107592.51331301412,75164.1702261498,32428.343086864326,3,0.0002977328402127277,107592.51331301412,0.0
2024-11-04,107752.84210254677,96831.12064286253,10921.721459684244,1,0.001490148195220753,107752.84210254677,0.0
2024-11-05,107744.625175082,107744.625175082,0.0,0,-7.625717618620076e-05,107752.84210254677,-7.625717618620076e-05
2024-11-06,107744.625175082,107744.625175082,0.0,0,0.0,107752.84210254677,-7.625717618620076e-05
2024-11-07,107744.625175082,107744.625175082,0.0,0,0.0,107752.84210254677,-7.625717618620076e-05
2024-11-08,107733.85071256448,86184.92567754809,21548.9250350164,2,-9.999999999998899e-05,107752.84210254677,-0.00017624955046857682
2024-11-11,107087.91280046965,86184.92567754809,20902.987122921564,2,-0.00599568202401124,107752.84210254677,-0.006170874838218321
2024-11-12,107897.14682767655,75389.27635497293,32507.87047270362,3,0.007556726114502643,107897.14682767655,0.0
2024-11-13,107246.13708328697,96732.55599284926,10513.58109043771,1,-0.006033614080910854,107897.14682767655,-0.006033614080910854
2024-11-14,107300.62014065284,96732.55599284926,10568.06414780359,1,0.0005080188326369584,107897.14682767655,-0.005528660437855937
2024-11-18,107453.59894578878,107453.59894578878,0.0,0,0.001425702898411929,107897.14682767655,-0.004110839766654495
2024-11-19,107453.59894578878,107453.59894578878,0.0,0,0.0,107897.14682767655,-0.004110839766654495
2024-11-21,107453.59894578878,107453.59894578878,0.0,0,0.0,107897.14682767655,-0.004110839766654495
2024-11-22,107448.2262658415,96702.86637126261,10745.359894578878,1,-4.999999999988347e-05,107897.14682767655,-0.00416063422466606
2024-11-25,108574.25525363999,96702.86637126261,11871.388882377372,1,0.010479735468248208,108574.25525363999,0.0
2024-11-26,108444.52125274928,96702.86637126261,11741.654881486676,1,-0.0011948873200892107,108574.25525363999,-0.0011948873200892107
2024-11-27,107731.8502852258,96958.12657051747,10773.723714708316,1,-0.006571756316416266,108574.25525363999,-0.007758791128212206
2024-11-28,109016.7893961952,96958.12657051747,12058.66282567774,1,0.011927198015883489,109016.7893961952,0.0
2024-11-29,109124.73240550028,75120.083811901,34004.64859359928,3,0.0009901503236604547,109124.73240550028,0.0
2024-12-02,108824.78770780956,87426.3664345876,21398.421273221953,2,-0.002748640854175477,109124.73240550028,-0.002748640854175477
2024-12-03,108785.5296714187,87426.3664345876,21359.1632368311,2,-0.00036074535239405403,109124.73240550028,-0.0031083946471559543
2024-12-04,108665.19169417194,108665.19169417194,0.0,0,-0.0011061947081586476,109124.73240550028,-0.0042111508656050844
2024-12-05,108665.19169417194,108665.19169417194,0.0,0,0.0,109124.73240550028,-0.0042111508656050844
2024-12-06,108665.19169417194,108665.19169417194,0.0,0,0.0,109124.73240550028,-0.0042111508656050844
2024-12-09,108665.19169417194,108665.19169417194,0.0,0,0.0,109124.73240550028,-0.0042111508656050844
2024-12-10,108659.75843458723,97793.23926517004,10866.519169417195,1,-4.999999999999449e-05,109124.73240550028,-0.004260940308061789
2024-12-11,108577.55068570579,97793.23926517004,10784.311420535761,1,-0.0007565611231404867,109124.73240550028,-0.005014277769417097
2024-12-12,108642.39090671837,97793.23926517004,10849.151641548338,1,0.0005971788882976892,109124.73240550028,-0.004420093301943373
2024-12-13,108431.54931808518,108431.54931808518,0.0,0,-0.0019406935623703658,109124.73240550028,-0.006352208817697602
2024-12-16,108431.54931808518,108431.54931808518,0.0,0,0.0,109124.73240550028,-0.006352208817697602
2024-12-17,108431.54931808518,108431.54931808518,0.0,0,0.0,109124.73240550028,-0.006352208817697602
2024-12-18,108431.54931808518,108431.54931808518,0.0,0,0.0,109124.73240550028,-0.006352208817697602
2024-12-19,108431.54931808518,108431.54931808518,0.0,0,0.0,109124.73240550028,-0.006352208817697602
2024-12-20,108431.54931808518,108431.54931808518,0.0,0,0.0,109124.73240550028,-0.006352208817697602
2024-12-23,108426.12774061927,97582.97280881075,10843.154931808518,1,-4.999999999999449e-05,109124.73240550028,-0.00640189120725676
2024-12-24,108394.1706614272,97582.97280881075,10811.19785261645,1,-0.000294735963166759,109124.73240550028,-0.006694740302852442
2024-12-26,108452.14017978279,97582.97280881075,10869.16737097204,1,0.0005348029142329125,109124.73240550028,-0.006163517755243486
2024-12-27,108677.72189808675,108677.72189808675,0.0,0,0.0020800116800832047,109124.73240550028,-0.004096326264081629
2024-12-30,108677.72189808675,108677.72189808675,0.0,0,0.0,109124.73240550028,-0.004096326264081629
2024-12-31,108677.72189808675,108677.72189808675,0.0,0,0.0,109124.73240550028,-0.004096326264081629
2025-01-01,108677.72189808675,108677.72189808675,0.0,0,0.0,109124.73240550028,-0.004096326264081629
2025-01-02,108677.72189808675,108677.72189808675,0.0,0,0.0,109124.73240550028,-0.004096326264081629
2025-01-03,108677.72189808675,108677.72189808675,0.0,0,0.0,109124.73240550028,-0.004096326264081629
2025-01-06,108677.72189808675,108677.72189808675,0.0,0,0.0,109124.73240550028,-0.004096326264081629
2025-01-07,108677.72189808675,108677.72189808675,0.0,0,0.0,109124.73240550028,-0.004096326264081629
2025-01-08,108677.72189808675,108677.72189808675,0.0,0,0.0,109124.73240550028,-0.004096326264081629
2025-01-09,108677.72189808675,108677.72189808675,0.0,0,0.0,109124.73240550028,-0.004096326264081629
2025-01-10,108677.72189808675,108677.72189808675,0.0,0,0.0,109124.73240550028,-0.004096326264081629
2025-01-13,108677.72189808675,108677.72189808675,0.0,0,0.0,109124.73240550028,-0.004096326264081629
2025-01-14,108672.28801199184,97804.51582218317,10867.772189808675,1,-4.999999999999449e-05,109124.73240550028,-0.0041461214477684916
2025-01-15,108920.76725816315,86906.44815462056,22014.31910354258,2,0.0022865005487313628,109124.73240550028,-0.0018691010080026382
2025-01-16,108997.38848545971,76000.71414995009,32996.674335509626,3,0.0007034583874621081,109124.73240550028,-0.0011669574553215822
2025-01-17,108748.21607159138,87244.0930729343,21504.122998657087,2,-0.002286040219225738,109124.73240550028,-0.0034503299628703132
2025-01-20,108579.90780336702,76237.76697557735,32342.14082778967,3,-0.0015476876247197957,109124.73240550028,-0.004992677554605418
2025-01-21,108996.01372677341,87284.12616078029,21711.887565993115,2,0.0038322552654947994,109124.73240550028,-0.0011795555039582073
2025-01-22,108720.35660915115,65527.0070913822,43193.349517768955,4,-0.002529056872788704,109124.73240550028,-0.003705629213792694
2025-01-23,109395.10505194748,87026.69418975564,22368.410862191842,2,0.006206275106529047,109395.10505194748,0.0
2025-01-24,109518.92850389419,87026.69418975564,22492.234314138557,2,0.0011318920703802249,109518.92850389419,0.0
2025-01-27,109009.23228662452,98107.76398454697,10901.468302077556,1,-0.0046539554781304115,109518.92850389419,-0.0046539554781304115
2025-01-28,108771.06318338282,98107.76398454697,10663.299198835857,1,-0.002184852587673203,109518.92850389419,-0.006828639859134289
2025-01-29,108674.36796081258,87234.3497993584,21440.01816145418,2,-0.0008889792904498428,109518.92850389419,-0.007711548630167431
2025-01-30,108897.13475764962,97806.44197468653,11090.69278296309,1,0.0020498559229473745,109518.92850389419,-0.005677500270854674
2025-01-31,108901.56749119908,86910.29533986033,21991.27215133875,2,4.070569496006371e-05,109518.92850389419,-0.005637025682488805
2025-02-01,109091.5288370408,97992.57672486902,11098.952112171766,1,0.0017443398678083089,109518.92850389419,-0.0039025187033143727
2025-02-03,108779.84407436609,76223.5530232182,32556.291051147884,3,-0.0028570940933488886,109518.92850389419,-0.006748462933526822
2025-02-04,108314.13334492507,86959.25226267874,21354.88108224632,2,-0.004281222623583103,109518.92850389419,-0.011000793884924476
2025-02-05,109101.2129218104,86959.25226267874,22141.960659131662,2,0.007266637811511378,109518.92850389419,-0.0038140948582138234
2025-02-06,109079.13514027937,87261.1263113406,21818.00882893877,2,-0.00020236055071953807,109518.92850389419,-0.004015683586597429
2025-02-07,108735.08283942114,76381.63729880589,32353.445540615263,3,-0.003154153178935304,109518.92850389419,-0.007157170684382375
2025-02-10,109042.70693952392,76381.63729880589,32661.069640718037,3,0.0028291154250286166,109518.92850389419,-0.004348303721336433
2025-02-11,108311.34433219102,97661.7661445565,10649.578187634512,1,-0.006707120795694577,109518.92850389419,-0.011026259918715642
2025-02-12,108324.08260914008,75821.9825113834,32502.100097756684,3,0.00011760796643800475,109518.92850389419,-0.010909948728284213
2025-02-13,108249.25775576332,75821.9825113834,32427.275244379925,3,-0.0006907499382824422,109518.92850389419,-0.011593162620155861
2025-02-14,108223.31374576519,75821.9825113834,32401.331234381796,3,-0.00023966917220497042,109518.92850389419,-0.01183005326867248
2025-02-17,107345.04798973887,107345.04798973887,0.0,0,-0.008115310145552446,109518.92850389419,-0.01984935886291128
2025-02-18,107345.04798973887,107345.04798973887,0.0,0,0.0,109518.92850389419,-0.01984935886291128
2025-02-19,107345.04798973887,107345.04798973887,0.0,0,0.0,109518.92850389419,-0.01984935886291128
2025-02-20,107345.04798973887,107345.04798973887,0.0,0,0.0,109518.92850389419,-0.01984935886291128
2025-02-21,107345.04798973887,107345.04798973887,0.0,0,0.0,109518.92850389419,-0.01984935886291128
2025-02-24,107339.6807373394,96605.1759383655,10734.504798973889,1,-4.999999999988347e-05,109518.92850389419,-0.019898366394968003
2025-02-25,107625.237109474,96605.1759383655,11020.061171108497,1,0.002660305771109428,109518.92850389419,-0.017290996362814726
2025-02-27,108009.96260578348,85798.23883280158,22211.7237729819,2,0.003574677340019816,109518.92850389419,-0.013778128755679409
2025-02-28,107430.37450385501,85883.35026427716,21547.024239577855,2,-0.0053660614997512734,109518.92850389419,-0.01907025596917622
2025-03-03,107113.56866389138,115.34270267383909,106998.22596121754,10,-0.0029489410367108393,109518.92850389419,-0.021962959945479033
2025-03-04,105109.68269972986,10745.015924315418,94364.66677541444,9,-0.018708049681823713,109518.92850389419,-0.040260125481482834
2025-03-05,106114.79113464036,10761.388222772763,95353.4029118676,9,0.009562472353587204,109518.92850389419,-0.031082639464764195
2025-03-06,108479.84857074467,86803.95168024414,21675.89689050053,2,0.022287726440543887,109518.92850389419,-0.009487674389661138
2025-03-07,108080.93850118456,86803.95168024414,21276.986820940423,2,-0.003677273473514875,109518.92850389419,-0.013130059089817459
2025-03-10,108087.38683172842,97758.9946799749,10328.392151753516,1,5.966205172969197e-05,109518.92850389419,-0.0130711804043524
2025-03-11,107463.32320594206,107463.32320594206,0.0,0,-0.005773695193111772,109518.92850389419,-0.01876940658599524
2025-03-12,107463.32320594206,107463.32320594206,0.0,0,0.0,109518.92850389419,-0.01876940658599524
2025-03-13,107457.95003978175,96711.61771918755,10746.332320594207,1,-5.0000000000105516e-05,109518.92850389419,-0.01881846811566601
2025-03-17,107094.42009817605,96711.61771918755,10382.802378988503,1,-0.003382997176766489,109518.92850389419,-0.022137802467926182
2025-03-18,107396.13065892225,96711.61771918755,10684.512939734701,1,0.0028172388483882482,109518.92850389419,-0.019382931096668443
2025-03-19,107477.762630448,107477.762630448,0.0,0,0.0007601016072451561,109518.92850389419,-0.018637562486502945
2025-03-20,107472.38874231649,96724.61247927169,10747.776263044801,1,-4.999999999999449e-05,109518.92850389419,-0.018686630608378718
2025-03-21,107372.04657220536,96724.61247927169,10647.434092933674,1,-0.0009336553442736983,109518.92850389419,-0.019602839080118395
2025-03-24,107569.6671612035,96724.61247927169,10845.054681931808,1,0.0018405217680679264,109518.92850389419,-0.01779839676409345
2025-03-25,108009.43662411883,108009.43662411883,0.0,0,0.004088229279879618,109518.92850389419,-0.013782931410999844
2025-03-26,108009.43662411883,108009.43662411883,0.0,0,0.0,109518.92850389419,-0.013782931410999844
2025-03-27,108009.43662411883,108009.43662411883,0.0,0,0.0,109518.92850389419,-0.013782931410999844
2025-03-28,108004.03615228762,97203.09248987574,10800.943662411883,1,-4.999999999999449e-05,109518.92850389419,-0.01383224226442925
2025-04-01,107983.13639013268,97203.09248987574,10780.04390025694,1,-0.00019350908447035575,109518.92850389419,-0.014023074684362813
2025-04-02,108053.87271304027,97203.09248987574,10850.780223164527,1,0.0006550682381740724,109518.92850389419,-0.01337719251701619
2025-04-03,107802.83448266346,97022.01199327264,10780.822489390815,1,-0.002323269162628705,109518.92850389419,-0.015669382860787562
2025-04-04,107959.02303789668,97022.01199327264,10937.011044624047,1,0.001448835329634468,109518.92850389419,-0.014243249886635279
2025-04-07,106796.34850738797,64962.27902883545,41834.06947855252,4,-0.010769591070684092,109518.92850389419,-0.02485944698052278
2025-04-08,109235.62487566986,-1.8189894035458565e-12,109235.62487566986,10,0.022840447284704135,109518.92850389419,-0.0025868005841040986
2025-04-09,108764.03432702748,-1.8189894035458565e-12,108764.03432702748,10,-0.004317186349958146,109518.92850389419,-0.0068928192338904015
2025-04-11,110536.35067773727,34658.05787943628,75878.29279830099,7,0.0162950589473434,110536.35067773727,0.0
2025-04-15,112082.28471360962,112082.28471360962,0.0,0,0.013985752437037036,112082.28471360962,0.0
2025-04-16,112082.28471360962,112082.28471360962,0.0,0,0.0,112082.28471360962,0.0
2025-04-17,112082.28471360962,112082.28471360962,0.0,0,0.0,112082.28471360962,0.0
2025-04-21,112082.28471360962,112082.28471360962,0.0,0,0.0,112082.28471360962,0.0
2025-04-22,112082.28471360962,112082.28471360962,0.0,0,0.0,112082.28471360962,0.0
2025-04-23,112082.28471360962,112082.28471360962,0.0,0,0.0,112082.28471360962,0.0
2025-04-24,112082.28471360962,112082.28471360962,0.0,0,0.0,112082.28471360962,0.0
2025-04-25,112076.68059937394,100868.45212801298,11208.228471360962,1,-4.999999999999449e-05,112082.28471360962,-4.999999999999449e-05
2025-04-28,112139.64667606892,100868.45212801298,11271.194548055943,1,0.0005618124694473092,112139.64667606892,0.0
2025-04-29,112052.3332228828,89657.05561923812,22395.277603644667,2,-0.0007786135927317916,112139.64667606892,-0.0007786135927317916
2025-04-30,111823.63487474833,100802.51302935001,11021.121845398315,1,-0.0020409958593148314,112139.64667606892,-0.0028180203049278374
2025-05-02,111764.25909424709,89619.93977830803,22144.319315939047,2,-0.0005309770208037357,112139.64667606892,-0.0033475010217055567
2025-05-05,112119.00952925076,89335.94613848852,22783.063390762247,2,0.003174095528200249,112139.64667606892,-0.00018403078152884333
2025-05-06,112165.00788946444,89335.94613848852,22829.061750975918,2,0.00041026370467256434,112165.00788946444,0.0
2025-05-07,111924.93260335662,100734.66684951064,11190.265753845975,1,-0.002140375957040086,112165.00788946444,-0.002140375957040086
2025-05-08,111973.04830688811,111973.04830688811,0.0,0,0.00042989262903558867,112165.00788946444,-0.001711403459851768
2025-05-09,111973.04830688811,111973.04830688811,0.0,0,0.0,112165.00788946444,-0.001711403459851768
2025-05-12,111973.04830688811,111973.04830688811,0.0,0,0.0,112165.00788946444,-0.001711403459851768
2025-05-13,111967.44965447276,100770.14482378395,11197.304830688812,1,-5.0000000000105516e-05,112165.00788946444,-0.001761317889678815
2025-05-14,111908.5504241436,100770.14482378395,11138.405600359649,1,-0.0005260388667502891,112165.00788946444,-0.002286430234762493
2025-05-15,111902.66030830432,100770.14482378395,11132.515484520365,1,-5.263329582017029e-05,112165.00788946444,-0.0023389431882236966
2025-05-16,112151.54030848457,112151.54030848457,0.0,0,0.0022240758128051485,112165.00788946444,-0.000120069362390951
2025-05-19,112151.54030848457,112151.54030848457,0.0,0,0.0,112165.00788946444,-0.000120069362390951
2025-05-20,112151.54030848457,112151.54030848457,0.0,0,0.0,112165.00788946444,-0.000120069362390951
2025-05-21,112151.54030848457,112151.54030848457,0.0,0,0.0,112165.00788946444,-0.000120069362390951
2025-05-22,112151.54030848457,112151.54030848457,0.0,0,0.0,112165.00788946444,-0.000120069362390951
2025-05-23,112151.54030848457,112151.54030848457,0.0,0,0.0,112165.00788946444,-0.000120069362390951
2025-05-26,112151.54030848457,112151.54030848457,0.0,0,0.0,112165.00788946444,-0.000120069362390951
2025-05-27,112145.93273146915,100930.77870062069,11215.154030848458,1,-4.999999999999449e-05,112165.00788946444,-0.00017006335892288948
2025-05-28,112121.16428108665,100930.77870062069,11190.385580465954,1,-0.000220859105446225,112165.00788946444,-0.00039088490432770406
2025-05-29,112051.81292236489,100930.77870062069,11121.034221744192,1,-0.000618539409276031,112165.00788946444,-0.0010091825358858886
2025-05-30,112148.24727694292,112148.24727694292,0.0,0,0.0008606228856362641,112165.00788946444,-0.00014942817583574186
2025-06-02,112142.63986457908,100927.81513688478,11214.824727694293,1,-4.999999999988347e-05,112165.00788946444,-0.0001994207044269114
2025-06-03,112001.50392825698,100927.81513688478,11073.68879137221,1,-0.0012585394502263592,112165.00788946444,-0.0014577091758295468
2025-06-04,112050.28460491633,100927.81513688478,11122.469468031562,1,0.0004355359075409737,112165.00788946444,-0.0010228081529772837
2025-06-05,112127.28135549091,112127.28135549091,0.0,0,0.0006871624721531688,112165.00788946444,-0.0003363485162031221
2025-06-06,112127.28135549091,112127.28135549091,0.0,0,0.0,112165.00788946444,-0.0003363485162031221
2025-06-09,112127.28135549091,112127.28135549091,0.0,0,0.0,112165.00788946444,-0.0003363485162031221
2025-06-10,112127.28135549091,112127.28135549091,0.0,0,0.0,112165.00788946444,-0.0003363485162031221
2025-06-11,112127.28135549091,112127.28135549091,0.0,0,0.0,112165.00788946444,-0.0003363485162031221
2025-06-12,112127.28135549091,112127.28135549091,0.0,0,0.0,112165.00788946444,-0.0003363485162031221
2025-06-13,112127.28135549091,112127.28135549091,0.0,0,0.0,112165.00788946444,-0.0003363485162031221
2025-06-16,112127.28135549091,112127.28135549091,0.0,0,0.0,112165.00788946444,-0.0003363485162031221
2025-06-17,112121.67499142312,100908.94685587403,11212.728135549092,1,-5.0000000000105516e-05,112165.00788946444,-0.00038633169877744233
2025-06-18,111888.79191244005,100908.94685587403,10979.845056566015,1,-0.0020770567243210136,112165.00788946444,-0.002462585990245625
2025-06-19,111862.64330466813,100908.94685587403,10953.696448794097,1,-0.000233701761588212,112165.00788946444,-0.00269571224114995
2025-06-20,111908.62132363458,111908.62132363458,0.0,0,0.00041102210360977054,112165.00788946444,-0.0022857981348560763
2025-06-23,111908.62132363458,111908.62132363458,0.0,0,0.0,112165.00788946444,-0.0022857981348560763
2025-06-24,111908.62132363458,111908.62132363458,0.0,0,0.0,112165.00788946444,-0.0022857981348560763
2025-06-25,111908.62132363458,111908.62132363458,0.0,0,0.0,112165.00788946444,-0.0022857981348560763
2025-06-26,111908.62132363458,111908.62132363458,0.0,0,0.0,112165.00788946444,-0.0022857981348560763
2025-06-27,111908.62132363458,111908.62132363458,0.0,0,0.0,112165.00788946444,-0.0022857981348560763
2025-06-30,111908.62132363458,111908.62132363458,0.0,0,0.0,112165.00788946444,-0.0022857981348560763
2025-07-01,111908.62132363458,111908.62132363458,0.0,0,0.0,112165.00788946444,-0.0022857981348560763
2025-07-02,111908.62132363458,111908.62132363458,0.0,0,0.0,112165.00788946444,-0.0022857981348560763
2025-07-03,111908.62132363458,111908.62132363458,0.0,0,0.0,112165.00788946444,-0.0022857981348560763
2025-07-04,111908.62132363458,111908.62132363458,0.0,0,0.0,112165.00788946444,-0.0022857981348560763
2025-07-07,111903.0258925684,100712.16376020494,11190.862132363458,1,-4.999999999999449e-05,112165.00788946444,-0.00233568384494931
2025-07-08,111928.45938026745,100712.16376020494,11216.2956200625,1,0.00022728150106909872,112165.00788946444,-0.00210893320161043
2025-07-09,111769.76568003453,78344.7969109451,33424.96876908943,3,-0.0014178136741235248,112165.00788946444,-0.003523756801402933
2025-07-10,111868.71609879236,89387.70519126247,22481.010907529875,2,0.0008853057725923819,112165.00788946444,-0.0026415706310480846
2025-07-11,111485.49434433787,89387.70519126247,22097.78915307539,2,-0.0034256382643745864,112165.00788946444,-0.006058159829990917
2025-07-14,111166.99273168515,100049.73759575984,11117.255135925312,1,-0.002856888373916955,112165.00788946444,-0.00889774071752214
2025-07-15,110962.75588669555,100049.73759575984,10913.018290935717,1,-0.0018372076096594414,112165.00788946444,-0.010718601330226618
2025-07-16,111065.96244257789,88937.03241812105,22128.930024456848,2,0.0009301008708517688,112165.00788946444,-0.009798469839806256
2025-07-17,111030.69871265444,99943.40126198265,11087.297450671795,1,-0.00031750258268081755,112165.00788946444,-0.0101128613830066
2025-07-18,110977.48046431312,99943.40126198265,11034.079202330462,1,-0.0004793111180814158,112165.00788946444,-0.010587325294191485
2025-07-21,111000.69956412281,99900.07457646115,11100.624987661664,1,0.00020922352636354447,112165.00788946444,-0.010380316885360674
2025-07-22,111158.68634487197,88778.09190852332,22380.59443634865,2,0.0014232953609258914,112165.00788946444,-0.008971795781302583
2025-07-23,111122.22877043407,88778.09190852332,22344.13686191075,2,-0.0003279777373833559,112165.00788946444,-0.009296830969405367
2025-07-24,111109.62645892793,100057.06359210901,11052.562866818922,1,-0.0001134094559259724,112165.00788946444,-0.009409186076789311
2025-07-25,110940.53887646292,99845.93025838572,11094.608618077196,1,-0.0015218085763929468,112165.00788946444,-0.010916675673113718
2025-07-28,110742.3361878975,88765.60550654898,21976.73068134852,2,-0.0017865668453812544,112165.00788946444,-0.012683739147675621
2025-07-29,110106.03668635926,77748.94570308855,32357.09098327072,3,-0.005745765562129912,112165.00788946444,-0.018356626918211716
2025-07-30,110289.31919226045,88431.31224977245,21858.006942487984,2,0.00166459997487034,112165.00788946444,-0.016722583384048195
2025-07-31,109908.31030336964,88050.20282009174,21858.107483277894,2,-0.003454630889747512,112165.00788946444,-0.02011944392068077
2025-08-01,110266.16625738677,88112.6921301604,22153.474127226364,2,0.003255949918885781,112165.00788946444,-0.016929001903596586
2025-08-04,109666.94074482424,77139.96607233785,32526.974672486387,3,-0.005434355187100559,112165.00788946444,-0.02227135888138998
2025-08-05,109879.92383777816,88060.92034297886,21819.003494799304,2,0.0019420902188700406,112165.00788946444,-0.02037252165076442
2025-08-06,109635.09323767162,98668.52300087143,10966.5702368002,1,-0.0022281649964372985,112165.00788946444,-0.022555293307570334
2025-08-07,109302.06087796616,109302.06087796616,0.0,0,-0.003037643786041211,112165.00788946444,-0.025524422147053527
2025-08-08,109302.06087796616,109302.06087796616,0.0,0,0.0,112165.00788946444,-0.025524422147053527
2025-08-11,109291.13067187836,87430.71849628513,21860.412175593232,2,-9.999999999998899e-05,112165.00788946444,-0.025621869704838818
2025-08-12,109676.86900912749,87430.71849628513,22246.150512842352,2,0.0035294569182124924,112165.00788946444,-0.02218284407191362
2025-08-13,109745.12531802968,87430.71849628513,22314.406821744546,2,0.0006223400569220772,112165.00788946444,-0.021574309287433868
2025-08-14,109796.52550762141,109796.52550762141,0.0,0,0.00046835966010139174,112165.00788946444,-0.021116054163497266
2025-08-18,109785.54585507064,87826.24075354636,21959.30510152428,2,-0.00010000000000010001,112165.00788946444,-0.021213942558080956
2025-08-19,109788.69096364653,87826.24075354636,21962.450210100174,2,2.8647747309484828e-05,112165.00788946444,-0.02118590254243735
2025-08-20,109905.07938686601,87826.24075354636,22078.838633319647,2,0.0010601130425904604,112165.00788946444,-0.020148248951451286
2025-08-21,110260.70794877615,110260.70794877615,0.0,0,0.003235779127717331,112165.00788946444,-0.016977665107151152
2025-08-22,110255.19491337871,99229.1241185011,11026.070794877616,1,-4.999999999999449e-05,112165.00788946444,-0.01702681622389579
2025-08-25,110272.6940949795,99229.1241185011,11043.569976478391,1,0.00015871525704103107,112165.00788946444,-0.01687080338236835
2025-08-26,110022.0259244758,99229.1241185011,10792.901805974705,1,-0.0022731662861866786,112165.00788946444,-0.019105619527085338
2025-08-28,109703.11701811623,87760.29933272445,21942.81768539179,2,-0.0028985914745697228,112165.00788946444,-0.021948831615777542
2025-08-29,109165.96248316969,76837.6986562495,32328.263826920185,3,-0.004896438219324617,112165.00788946444,-0.02673779873710913
2025-09-01,109213.62508476569,76837.6986562495,32375.9264285162,3,0.00043660680043333677,112165.00788946444,-0.026312865841432997
2025-09-02,109768.98739406631,98920.61468773334,10848.372706332966,1,0.005085100955760646,112165.00788946444,-0.02136156846491144
2025-09-03,109728.24104754064,109728.24104754064,0.0,0,-0.000371200896473578,112165.00788946444,-0.021724839928020767
2025-09-04,109728.24104754064,109728.24104754064,0.0,0,0.0,112165.00788946444,-0.021724839928020767
2025-09-05,109722.75463548827,98749.9305307342,10972.824104754065,1,-4.999999999999449e-05,112165.00788946444,-0.0217737536860243
2025-09-08,109706.40768258205,98749.9305307342,10956.477151847857,1,-0.00014898416431963213,112165.00788946444,-0.02191949390584691
2025-09-09,109724.79745967413,98749.9305307342,10974.866928939933,1,0.00016762719225371647,112165.00788946444,-0.021755541016812208
2025-09-10,109814.27895356696,109814.27895356696,0.0,0,0.0008155083988714562,112165.00788946444,-0.020957774444361976
2025-09-11,109814.27895356696,109814.27895356696,0.0,0,0.0,112165.00788946444,-0.020957774444361976
2025-09-12,109814.27895356696,109814.27895356696,0.0,0,0.0,112165.00788946444,-0.020957774444361976
2025-09-15,109814.27895356696,109814.27895356696,0.0,0,0.0,112165.00788946444,-0.020957774444361976
2025-09-16,109814.27895356696,109814.27895356696,0.0,0,0.0,112165.00788946444,-0.020957774444361976
2025-09-17,109814.27895356696,109814.27895356696,0.0,0,0.0,112165.00788946444,-0.020957774444361976
2025-09-18,109814.27895356696,109814.27895356696,0.0,0,0.0,112165.00788946444,-0.020957774444361976
2025-09-19,109814.27895356696,109814.27895356696,0.0,0,0.0,112165.00788946444,-0.020957774444361976
2025-09-22,109814.27895356696,109814.27895356696,0.0,0,0.0,112165.00788946444,-0.020957774444361976
2025-09-23,109808.78823961929,98827.36034426259,10981.427895356697,1,-4.999999999988347e-05,112165.00788946444,-0.021006726555639732
2025-09-24,109505.86722759374,98827.36034426259,10678.506883331158,1,-0.0027586226647409173,112165.00788946444,-0.023707399588392186
2025-09-25,109375.11013392315,98827.36034426259,10547.749789660566,1,-0.001194064728959443,112165.00788946444,-0.024873156147687814
2025-09-26,109281.98299554626,109281.98299554626,0.0,0,-0.0008514472649477911,112165.00788946444,-0.025703425231863086
2025-09-29,109281.98299554626,109281.98299554626,0.0,0,0.0,112165.00788946444,-0.025703425231863086
2025-09-30,109281.98299554626,109281.98299554626,0.0,0,0.0,112165.00788946444,-0.025703425231863086
2025-10-01,109281.98299554626,109281.98299554626,0.0,0,0.0,112165.00788946444,-0.025703425231863086
2025-10-03,109281.98299554626,109281.98299554626,0.0,0,0.0,112165.00788946444,-0.025703425231863086
2025-10-06,109281.98299554626,109281.98299554626,0.0,0,0.0,112165.00788946444,-0.025703425231863086
2025-10-07,109281.98299554626,109281.98299554626,0.0,0,0.0,112165.00788946444,-0.025703425231863086
2025-10-08,109281.98299554626,109281.98299554626,0.0,0,0.0,112165.00788946444,-0.025703425231863086
2025-10-09,109281.98299554626,109281.98299554626,0.0,0,0.0,112165.00788946444,-0.025703425231863086
2025-10-10,109281.98299554626,109281.98299554626,0.0,0,0.0,112165.00788946444,-0.025703425231863086
2025-10-13,109281.98299554626,109281.98299554626,0.0,0,0.0,112165.00788946444,-0.025703425231863086
2025-10-14,109281.98299554626,109281.98299554626,0.0,0,0.0,112165.00788946444,-0.025703425231863086
2025-10-15,109276.51889639649,98348.32059684186,10928.198299554628,1,-4.999999999999449e-05,112165.00788946444,-0.025752140060601447
2025-10-16,109071.78500896518,98348.32059684186,10723.464412123314,1,-0.001873539617650355,112165.00788946444,-0.02757743202360896
2025-10-17,109108.392528983,98348.32059684186,10760.07193214113,1,0.0003356277704156252,112165.00788946444,-0.027251060005217154
2025-10-20,109191.09921666127,109191.09921666127,0.0,0,0.0007580231525847747,112165.00788946444,-0.02651369378704871
2025-10-21,109191.09921666127,109191.09921666127,0.0,0,0.0,112165.00788946444,-0.02651369378704871
2025-10-23,109191.09921666127,109191.09921666127,0.0,0,0.0,112165.00788946444,-0.02651369378704871
2025-10-24,109191.09921666127,109191.09921666127,0.0,0,0.0,112165.00788946444,-0.02651369378704871
2025-10-27,109191.09921666127,109191.09921666127,0.0,0,0.0,112165.00788946444,-0.02651369378704871
2025-10-28,109191.09921666127,109191.09921666127,0.0,0,0.0,112165.00788946444,-0.02651369378704871
2025-10-29,109191.09921666127,109191.09921666127,0.0,0,0.0,112165.00788946444,-0.02651369378704871
2025-10-30,109191.09921666127,109191.09921666127,0.0,0,0.0,112165.00788946444,-0.02651369378704871
2025-10-31,109185.63966170044,98266.52974003431,10919.109921666128,1,-4.999999999999449e-05,112165.00788946444,-0.026562368102359457
2025-11-03,109134.78930914943,98266.52974003431,10868.259569115122,1,-0.00046572381412568475,112165.00788946444,-0.02701572118910034
2025-11-04,109139.32077414817,87346.59469982878,21792.726074319387,2,4.152172764904094e-05,112165.00788946444,-0.02697532120086865
2025-11-06,109113.67645221265,87338.33722969041,21775.33922252224,2,-0.00023496867814121192,112165.00788946444,-0.02720395152344479
2025-11-07,108738.75263947896,54695.50419999634,54043.24843948262,5,-0.0034360845030997345,112165.00788946444,-0.030546560950291735
2025-11-10,108956.84948871823,54544.17784717589,54412.67164154235,5,0.0020056957059491065,112165.00788946444,-0.028602132350472043
2025-11-11,109142.89069549249,54324.87184166016,54818.01885383233,5,0.0017074760113500176,112165.00788946444,-0.026943493793983975
2025-11-12,109648.39874880339,65461.50066510872,44186.89808369467,4,0.0046316168656488355,112165.00788946444,-0.022436668868610954
2025-11-13,110192.56519379563,76924.93546622097,33267.62972757466,3,0.004962830749939862,112165.00788946444,-0.017585187508858402
2025-11-14,110022.63338125014,87935.91340176355,22086.71997948658,2,-0.0015421350092597041,112165.00788946444,-0.01910020378481636
2025-11-17,110272.31173728572,110272.31173728572,0.0,0,0.0022693363025623192,112165.00788946444,-0.01687421226808916
2025-11-18,110266.79812169887,99239.56694797029,11027.231173728573,1,-4.999999999988347e-05,112165.00788946444,-0.01692336855747567
2025-11-19,110210.64326052269,99239.56694797029,10971.07631255239,1,-0.0005092635510663968,112165.00788946444,-0.01742401365377444
2025-11-20,109938.73039565305,99239.56694797029,10699.163447682758,1,-0.0024672105780825238,112165.00788946444,-0.019848235521057744
2025-11-21,109844.75758036999,109844.75758036999,0.0,0,-0.0008547744270365198,112165.00788946444,-0.020686044183949037
2025-11-24,109844.75758036999,109844.75758036999,0.0,0,0.0,112165.00788946444,-0.020686044183949037
2025-11-25,109844.75758036999,109844.75758036999,0.0,0,0.0,112165.00788946444,-0.020686044183949037
2025-11-26,109844.75758036999,109844.75758036999,0.0,0,0.0,112165.00788946444,-0.020686044183949037
2025-11-27,109844.75758036999,109844.75758036999,0.0,0,0.0,112165.00788946444,-0.020686044183949037
2025-11-28,109844.75758036999,109844.75758036999,0.0,0,0.0,112165.00788946444,-0.020686044183949037
2025-12-01,109844.75758036999,109844.75758036999,0.0,0,0.0,112165.00788946444,-0.020686044183949037
2025-12-02,109844.75758036999,109844.75758036999,0.0,0,0.0,112165.00788946444,-0.020686044183949037
2025-12-03,109844.75758036999,109844.75758036999,0.0,0,0.0,112165.00788946444,-0.020686044183949037
2025-12-04,109844.75758036999,109844.75758036999,0.0,0,0.0,112165.00788946444,-0.020686044183949037
2025-12-05,109844.75758036999,109844.75758036999,0.0,0,0.0,112165.00788946444,-0.020686044183949037
2025-12-08,109839.26534249098,98854.78958445397,10984.475758036999,1,-4.999999999988347e-05,112165.00788946444,-0.020735009881739708
2025-12-09,109683.74433302305,87880.38224356798,21803.36208945507,2,-0.0014158963006808412,112165.00788946444,-0.02212154755863438
2025-12-10,109850.44558265027,87880.38224356798,21970.06333908229,2,0.0015198355110952466,112165.00788946444,-0.020635333161079128
2025-12-11,109015.18828705122,98608.0282402393,10407.160046811914,1,-0.007603585867757001,112165.00788946444,-0.028082016501236096
2025-12-12,109412.64108638738,109412.64108638738,0.0,0,0.00364584793716638,112165.00788946444,-0.024538551326002245
2025-12-15,109412.64108638738,109412.64108638738,0.0,0,0.0,112165.00788946444,-0.024538551326002245
2025-12-16,109412.64108638738,109412.64108638738,0.0,0,0.0,112165.00788946444,-0.024538551326002245
2025-12-17,109401.69982227874,87519.17160500126,21882.528217277475,2,-9.999999999998899e-05,112165.00788946444,-0.02463609747086959
2025-12-18,109366.91063356068,87519.17160500126,21847.73902855942,2,-0.00031799495597029104,112165.00788946444,-0.02494625827210939
2025-12-19,109570.86227629051,87519.17160500126,22051.690671289245,2,0.0018648386568509423,112165.00788946444,-0.02312794036202792
2025-12-22,109510.22336390207,109510.22336390207,0.0,0,-0.000553421878122462,112165.00788946444,-0.023668562731958165
2025-12-23,109510.22336390207,109510.22336390207,0.0,0,0.0,112165.00788946444,-0.023668562731958165
2025-12-24,109510.22336390207,109510.22336390207,0.0,0,0.0,112165.00788946444,-0.023668562731958165
2025-12-26,109510.22336390207,109510.22336390207,0.0,0,0.0,112165.00788946444,-0.023668562731958165
2025-12-29,109510.22336390207,109510.22336390207,0.0,0,0.0,112165.00788946444,-0.023668562731958165
2025-12-30,109510.22336390207,109510.22336390207,0.0,0,0.0,112165.00788946444,-0.023668562731958165
2025-12-31,109510.22336390207,109510.22336390207,0.0,0,0.0,112165.00788946444,-0.023668562731958165
